[
  {
    "value": "Paris",
    "isCorrect": true,
    "questionId": 1715593967381,
    "id": 1715593967384
  },
  {
    "value": "Paris",
    "isCorrect": true,
    "questionId": 1715594121554,
    "id": 1715594121555
  },
  {
    "type": "option",
    "value": "Rafael Nadal",
    "isCorrect": false,
    "questionId": 1718782660065,
    "id": 1718782660126
  },
  {
    "type": "option",
    "value": "Roger Federer",
    "isCorrect": false,
    "questionId": 1718782660065,
    "id": 1718782660130
  },
  {
    "type": "option",
    "value": "Novak Djokovic",
    "isCorrect": true,
    "questionId": 1718782660065,
    "id": 1718782660135
  },
  {
    "type": "option",
    "value": "Pete Sampras",
    "isCorrect": false,
    "questionId": 1718782660065,
    "id": 1718782660139
  },
  {
    "type": "option",
    "value": "Wimbledon",
    "isCorrect": false,
    "questionId": 1718782660071,
    "id": 1718782660148
  },
  {
    "type": "option",
    "value": "US Open",
    "isCorrect": false,
    "questionId": 1718782660071,
    "id": 1718782660151
  },
  {
    "type": "option",
    "value": " Roland-Garros",
    "isCorrect": true,
    "questionId": 1718782660071,
    "id": 1718782660153
  },
  {
    "type": "option",
    "value": "Open d'Australie",
    "isCorrect": false,
    "questionId": 1718782660071,
    "id": 1718782660156
  },
  {
    "type": "option",
    "value": "Serena Williams",
    "isCorrect": false,
    "questionId": 1718782660076,
    "id": 1718782660161
  },
  {
    "type": "option",
    "value": "Steffi Graf",
    "isCorrect": false,
    "questionId": 1718782660076,
    "id": 1718782660163
  },
  {
    "type": "option",
    "value": "Martina Navratilova",
    "isCorrect": false,
    "questionId": 1718782660076,
    "id": 1718782660166
  },
  {
    "type": "option",
    "value": "Margaret Court",
    "isCorrect": true,
    "questionId": 1718782660076,
    "id": 1718782660170
  },
  {
    "type": "option",
    "value": "Rod Laver Arena",
    "isCorrect": false,
    "questionId": 1718782660079,
    "id": 1718782660178
  },
  {
    "type": "option",
    "value": "Arthur Ashe Stadium",
    "isCorrect": true,
    "questionId": 1718782660079,
    "id": 1718782660180
  },
  {
    "type": "option",
    "value": "Philippe Chatrier",
    "isCorrect": false,
    "questionId": 1718782660079,
    "id": 1718782660182
  },
  {
    "type": "option",
    "value": "Centre Court",
    "isCorrect": false,
    "questionId": 1718782660079,
    "id": 1718782660184
  },
  {
    "type": "option",
    "value": "Terre battue",
    "isCorrect": false,
    "questionId": 1718782660083,
    "id": 1718782660190
  },
  {
    "type": "option",
    "value": "Gazon",
    "isCorrect": true,
    "questionId": 1718782660083,
    "id": 1718782660193
  },
  {
    "type": "option",
    "value": "Dur",
    "isCorrect": false,
    "questionId": 1718782660083,
    "id": 1718782660196
  },
  {
    "type": "option",
    "value": "Moquette",
    "isCorrect": false,
    "questionId": 1718782660083,
    "id": 1718782660198
  },
  {
    "type": "option",
    "value": "Fred Perry",
    "isCorrect": false,
    "questionId": 1718782660089,
    "id": 1718782660205
  },
  {
    "type": "option",
    "value": "Rod Laver",
    "isCorrect": false,
    "questionId": 1718782660089,
    "id": 1718782660207
  },
  {
    "type": "option",
    "value": "Don Budge",
    "isCorrect": true,
    "questionId": 1718782660089,
    "id": 1718782660209
  },
  {
    "type": "option",
    "value": "Roy Emerson",
    "isCorrect": false,
    "questionId": 1718782660089,
    "id": 1718782660211
  },
  {
    "type": "option",
    "value": "Wimbledon",
    "isCorrect": false,
    "questionId": 1718782660095,
    "id": 1718782660219
  },
  {
    "type": "option",
    "value": "US Open",
    "isCorrect": false,
    "questionId": 1718782660095,
    "id": 1718782660221
  },
  {
    "type": "option",
    "value": "Roland-Garros",
    "isCorrect": false,
    "questionId": 1718782660095,
    "id": 1718782660223
  },
  {
    "type": "option",
    "value": "Open d'Australie",
    "isCorrect": true,
    "questionId": 1718782660095,
    "id": 1718782660225
  },
  {
    "type": "option",
    "value": "Eddy Merckx",
    "isCorrect": true,
    "questionId": 1718784738470,
    "id": 1718784738499
  },
  {
    "type": "option",
    "value": "Bernard Hinault",
    "isCorrect": false,
    "questionId": 1718784738470,
    "id": 1718784738501
  },
  {
    "type": "option",
    "value": "Miguel Indurain",
    "isCorrect": false,
    "questionId": 1718784738470,
    "id": 1718784738502
  },
  {
    "type": "option",
    "value": "Lance Armstrong",
    "isCorrect": false,
    "questionId": 1718784738470,
    "id": 1718784738505
  },
  {
    "type": "option",
    "value": "1899",
    "isCorrect": false,
    "questionId": 1718784738472,
    "id": 1718784738510
  },
  {
    "type": "option",
    "value": "1903",
    "isCorrect": true,
    "questionId": 1718784738472,
    "id": 1718784738512
  },
  {
    "type": "option",
    "value": "1914",
    "isCorrect": false,
    "questionId": 1718784738472,
    "id": 1718784738513
  },
  {
    "type": "option",
    "value": "1921",
    "isCorrect": false,
    "questionId": 1718784738472,
    "id": 1718784738514
  },
  {
    "type": "option",
    "value": "Maillot vert",
    "isCorrect": false,
    "questionId": 1718784738474,
    "id": 1718784738516
  },
  {
    "type": "option",
    "value": "Maillot à pois",
    "isCorrect": false,
    "questionId": 1718784738474,
    "id": 1718784738517
  },
  {
    "type": "option",
    "value": "Maillot jaune",
    "isCorrect": true,
    "questionId": 1718784738474,
    "id": 1718784738519
  },
  {
    "type": "option",
    "value": "Maillot blanc",
    "isCorrect": false,
    "questionId": 1718784738474,
    "id": 1718784738520
  },
  {
    "type": "option",
    "value": "Col du Tourmalet",
    "isCorrect": true,
    "questionId": 1718784738476,
    "id": 1718784738523
  },
  {
    "type": "option",
    "value": "Mont Ventoux",
    "isCorrect": false,
    "questionId": 1718784738476,
    "id": 1718784738524
  },
  {
    "type": "option",
    "value": "Alpe d'Huez",
    "isCorrect": false,
    "questionId": 1718784738476,
    "id": 1718784738525
  },
  {
    "type": "option",
    "value": "Col de l'Izoard",
    "isCorrect": false,
    "questionId": 1718784738476,
    "id": 1718784738526
  },
  {
    "type": "option",
    "value": "Place de la Concorde",
    "isCorrect": false,
    "questionId": 1718784738479,
    "id": 1718784738531
  },
  {
    "type": "option",
    "value": "Place Vendôme",
    "isCorrect": false,
    "questionId": 1718784738479,
    "id": 1718784738532
  },
  {
    "type": "option",
    "value": "Place de l'Étoile",
    "isCorrect": false,
    "questionId": 1718784738479,
    "id": 1718784738533
  },
  {
    "type": "option",
    "value": "Champs-Élysées",
    "isCorrect": true,
    "questionId": 1718784738479,
    "id": 1718784738535
  },
  {
    "type": "option",
    "value": "2 000 euros",
    "isCorrect": false,
    "questionId": 1718784738481,
    "id": 1718784738537
  },
  {
    "type": "option",
    "value": "5 000 euros",
    "isCorrect": false,
    "questionId": 1718784738481,
    "id": 1718784738538
  },
  {
    "type": "option",
    "value": "8 000 euros",
    "isCorrect": false,
    "questionId": 1718784738481,
    "id": 1718784738540
  },
  {
    "type": "option",
    "value": "11 000 euros",
    "isCorrect": true,
    "questionId": 1718784738481,
    "id": 1718784738542
  },
  {
    "type": "option",
    "value": "Bradley Wiggins",
    "isCorrect": true,
    "questionId": 1718784738482,
    "id": 1718784738543
  },
  {
    "type": "option",
    "value": "Chris Froome",
    "isCorrect": false,
    "questionId": 1718784738482,
    "id": 1718784738544
  },
  {
    "type": "option",
    "value": "Mark Cavendish",
    "isCorrect": false,
    "questionId": 1718784738482,
    "id": 1718784738546
  },
  {
    "type": "option",
    "value": "Geraint Thomas",
    "isCorrect": false,
    "questionId": 1718784738482,
    "id": 1718784738547
  },
  {
    "type": "option",
    "value": "Brunoise",
    "isCorrect": false,
    "questionId": 1718786543845,
    "id": 1718786543878
  },
  {
    "type": "option",
    "value": "Julienne",
    "isCorrect": true,
    "questionId": 1718786543845,
    "id": 1718786543881
  },
  {
    "type": "option",
    "value": "Mirepoix",
    "isCorrect": false,
    "questionId": 1718786543845,
    "id": 1718786543883
  },
  {
    "type": "option",
    "value": "Macédoine",
    "isCorrect": false,
    "questionId": 1718786543845,
    "id": 1718786543885
  },
  {
    "type": "option",
    "value": "Cumin",
    "isCorrect": false,
    "questionId": 1718786543848,
    "id": 1718786543888
  },
  {
    "type": "option",
    "value": "Safran",
    "isCorrect": false,
    "questionId": 1718786543848,
    "id": 1718786543889
  },
  {
    "type": "option",
    "value": "Curcuma",
    "isCorrect": true,
    "questionId": 1718786543848,
    "id": 1718786543890
  },
  {
    "type": "option",
    "value": "Paprika",
    "isCorrect": false,
    "questionId": 1718786543848,
    "id": 1718786543892
  },
  {
    "type": "option",
    "value": "Pâte feuilletée",
    "isCorrect": false,
    "questionId": 1718786543852,
    "id": 1718786543898
  },
  {
    "type": "option",
    "value": "Pâte à choux",
    "isCorrect": false,
    "questionId": 1718786543852,
    "id": 1718786543899
  },
  {
    "type": "option",
    "value": "Pâte brisée",
    "isCorrect": true,
    "questionId": 1718786543852,
    "id": 1718786543900
  },
  {
    "type": "option",
    "value": "Pâte sablée",
    "isCorrect": false,
    "questionId": 1718786543852,
    "id": 1718786543901
  },
  {
    "type": "option",
    "value": "Anne-Sophie Pic",
    "isCorrect": false,
    "questionId": 1718786543854,
    "id": 1718786543905
  },
  {
    "type": "option",
    "value": "Paul Bocuse",
    "isCorrect": false,
    "questionId": 1718786543854,
    "id": 1718786543907
  },
  {
    "type": "option",
    "value": "Alain Ducasse",
    "isCorrect": false,
    "questionId": 1718786543854,
    "id": 1718786543908
  },
  {
    "type": "option",
    "value": "Philippe Etchebest",
    "isCorrect": true,
    "questionId": 1718786543854,
    "id": 1718786543909
  },
  {
    "type": "option",
    "value": "Tomate",
    "isCorrect": false,
    "questionId": 1718786543856,
    "id": 1718786543913
  },
  {
    "type": "option",
    "value": "Pâte de soja fermenté",
    "isCorrect": true,
    "questionId": 1718786543856,
    "id": 1718786543914
  },
  {
    "type": "option",
    "value": "Haricots rouges",
    "isCorrect": false,
    "questionId": 1718786543856,
    "id": 1718786543916
  },
  {
    "type": "option",
    "value": "Pois chiches",
    "isCorrect": false,
    "questionId": 1718786543856,
    "id": 1718786543917
  },
  {
    "type": "option",
    "value": "Un fouet",
    "isCorrect": true,
    "questionId": 1718786543859,
    "id": 1718786543921
  },
  {
    "type": "option",
    "value": "Une spatule",
    "isCorrect": false,
    "questionId": 1718786543859,
    "id": 1718786543922
  },
  {
    "type": "option",
    "value": "Une cuillère en bois",
    "isCorrect": false,
    "questionId": 1718786543859,
    "id": 1718786543924
  },
  {
    "type": "option",
    "value": "Un pilon",
    "isCorrect": false,
    "questionId": 1718786543859,
    "id": 1718786543925
  },
  {
    "type": "option",
    "value": "Couteau à filet de sole",
    "isCorrect": false,
    "questionId": 1718786543860,
    "id": 1718786543928
  },
  {
    "type": "option",
    "value": "Couteau à éplucher",
    "isCorrect": false,
    "questionId": 1718786543860,
    "id": 1718786543929
  },
  {
    "type": "option",
    "value": "Couteau dentelé",
    "isCorrect": true,
    "questionId": 1718786543860,
    "id": 1718786543930
  },
  {
    "type": "option",
    "value": "Couteau de chef",
    "isCorrect": false,
    "questionId": 1718786543860,
    "id": 1718786543931
  },
  {
    "type": "option",
    "value": "40",
    "isCorrect": false,
    "questionId": 1718788019357,
    "id": 1718788019384
  },
  {
    "type": "option",
    "value": "52",
    "isCorrect": false,
    "questionId": 1718788019357,
    "id": 1718788019386
  },
  {
    "type": "option",
    "value": "54",
    "isCorrect": true,
    "questionId": 1718788019357,
    "id": 1718788019388
  },
  {
    "type": "option",
    "value": "60",
    "isCorrect": false,
    "questionId": 1718788019357,
    "id": 1718788019390
  },
  {
    "type": "option",
    "value": "Collecter des paires",
    "isCorrect": false,
    "questionId": 1718788019358,
    "id": 1718788019391
  },
  {
    "type": "option",
    "value": " Former des séquences et des combinaisons",
    "isCorrect": true,
    "questionId": 1718788019358,
    "id": 1718788019392
  },
  {
    "type": "option",
    "value": "Avoir la carte la plus haute",
    "isCorrect": false,
    "questionId": 1718788019358,
    "id": 1718788019394
  },
  {
    "type": "option",
    "value": "Éliminer toutes les cartes de l'adversaire",
    "isCorrect": false,
    "questionId": 1718788019358,
    "id": 1718788019396
  },
  {
    "type": "option",
    "value": "Roi",
    "isCorrect": false,
    "questionId": 1718788019360,
    "id": 1718788019399
  },
  {
    "type": "option",
    "value": "Dame",
    "isCorrect": false,
    "questionId": 1718788019360,
    "id": 1718788019400
  },
  {
    "type": "option",
    "value": "As",
    "isCorrect": true,
    "questionId": 1718788019360,
    "id": 1718788019402
  },
  {
    "type": "option",
    "value": "Dix",
    "isCorrect": false,
    "questionId": 1718788019360,
    "id": 1718788019403
  },
  {
    "type": "option",
    "value": "Gagner sans avoir utilisé de joker",
    "isCorrect": false,
    "questionId": 1718788019363,
    "id": 1718788019405
  },
  {
    "type": "option",
    "value": "Former une main composée uniquement de séquences",
    "isCorrect": false,
    "questionId": 1718788019363,
    "id": 1718788019407
  },
  {
    "type": "option",
    "value": "Réaliser une main complète et se débarrasser de toutes ses cartes",
    "isCorrect": true,
    "questionId": 1718788019363,
    "id": 1718788019408
  },
  {
    "type": "option",
    "value": "Perdre avec le moins de points possible",
    "isCorrect": false,
    "questionId": 1718788019363,
    "id": 1718788019409
  },
  {
    "type": "option",
    "value": "1",
    "isCorrect": false,
    "questionId": 1718788019365,
    "id": 1718788019412
  },
  {
    "type": "option",
    "value": "2",
    "isCorrect": true,
    "questionId": 1718788019365,
    "id": 1718788019413
  },
  {
    "type": "option",
    "value": "3",
    "isCorrect": false,
    "questionId": 1718788019365,
    "id": 1718788019414
  },
  {
    "type": "option",
    "value": "Écarté",
    "isCorrect": false,
    "questionId": 1718788019367,
    "id": 1718788019416
  },
  {
    "type": "option",
    "value": "4",
    "isCorrect": false,
    "questionId": 1718788019365,
    "id": 1718788019417
  },
  {
    "type": "option",
    "value": "Poker",
    "isCorrect": false,
    "questionId": 1718788019367,
    "id": 1718788019420
  },
  {
    "type": "option",
    "value": "Canasta",
    "isCorrect": false,
    "questionId": 1718788019367,
    "id": 1718788019421
  },
  {
    "type": "option",
    "value": "Tarot",
    "isCorrect": true,
    "questionId": 1718788019367,
    "id": 1718788019423
  },
  {
    "type": "option",
    "value": "Full house",
    "isCorrect": false,
    "questionId": 1718788019368,
    "id": 1718788019438
  },
  {
    "type": "option",
    "value": "Quinte flush royale",
    "isCorrect": true,
    "questionId": 1718788019368,
    "id": 1718788019441
  },
  {
    "type": "option",
    "value": "Carré",
    "isCorrect": false,
    "questionId": 1718788019368,
    "id": 1718788019444
  },
  {
    "type": "option",
    "value": "Quinte flush",
    "isCorrect": false,
    "questionId": 1718788019368,
    "id": 1718788019447
  },
  {
    "type": "option",
    "value": "Sahara",
    "isCorrect": true,
    "questionId": 1718789611905,
    "id": 1718789611937
  },
  {
    "type": "option",
    "value": "Gobi",
    "isCorrect": false,
    "questionId": 1718789611905,
    "id": 1718789611940
  },
  {
    "type": "option",
    "value": "Atacama",
    "isCorrect": false,
    "questionId": 1718789611905,
    "id": 1718789611942
  },
  {
    "type": "option",
    "value": "Kalahari",
    "isCorrect": false,
    "questionId": 1718789611905,
    "id": 1718789611944
  },
  {
    "type": "option",
    "value": "Yellowstone",
    "isCorrect": true,
    "questionId": 1718789611907,
    "id": 1718789611948
  },
  {
    "type": "option",
    "value": "Grand Canyon",
    "isCorrect": false,
    "questionId": 1718789611907,
    "id": 1718789611950
  },
  {
    "type": "option",
    "value": "Yosemite",
    "isCorrect": false,
    "questionId": 1718789611907,
    "id": 1718789611952
  },
  {
    "type": "option",
    "value": "Everglades",
    "isCorrect": false,
    "questionId": 1718789611907,
    "id": 1718789611953
  },
  {
    "type": "option",
    "value": "Pérou",
    "isCorrect": true,
    "questionId": 1718789611909,
    "id": 1718789611957
  },
  {
    "type": "option",
    "value": "Mexique",
    "isCorrect": false,
    "questionId": 1718789611909,
    "id": 1718789611958
  },
  {
    "type": "option",
    "value": "Brésil",
    "isCorrect": false,
    "questionId": 1718789611909,
    "id": 1718789611960
  },
  {
    "type": "option",
    "value": "Colombie",
    "isCorrect": false,
    "questionId": 1718789611909,
    "id": 1718789611961
  },
  {
    "type": "option",
    "value": "Océan Atlantique",
    "isCorrect": false,
    "questionId": 1718789611911,
    "id": 1718789611966
  },
  {
    "type": "option",
    "value": "Océan Indien",
    "isCorrect": false,
    "questionId": 1718789611911,
    "id": 1718789611967
  },
  {
    "type": "option",
    "value": "Océan Pacifique",
    "isCorrect": true,
    "questionId": 1718789611911,
    "id": 1718789611968
  },
  {
    "type": "option",
    "value": "Océan Arctique",
    "isCorrect": false,
    "questionId": 1718789611911,
    "id": 1718789611970
  },
  {
    "type": "option",
    "value": "Rome",
    "isCorrect": false,
    "questionId": 1718789611914,
    "id": 1718789611975
  },
  {
    "type": "option",
    "value": "Venise",
    "isCorrect": true,
    "questionId": 1718789611914,
    "id": 1718789611977
  },
  {
    "type": "option",
    "value": "Florence",
    "isCorrect": false,
    "questionId": 1718789611914,
    "id": 1718789611979
  },
  {
    "type": "option",
    "value": "Milan",
    "isCorrect": false,
    "questionId": 1718789611914,
    "id": 1718789611980
  },
  {
    "type": "option",
    "value": "Mont Kilimandjaro",
    "isCorrect": false,
    "questionId": 1718789611916,
    "id": 1718789611983
  },
  {
    "type": "option",
    "value": "Mont Everest",
    "isCorrect": true,
    "questionId": 1718789611916,
    "id": 1718789611984
  },
  {
    "type": "option",
    "value": "Mont McKinley (Denali)",
    "isCorrect": false,
    "questionId": 1718789611916,
    "id": 1718789611986
  },
  {
    "type": "option",
    "value": "Mont Fuji",
    "isCorrect": false,
    "questionId": 1718789611916,
    "id": 1718789611987
  },
  {
    "type": "option",
    "value": "Route 66",
    "isCorrect": false,
    "questionId": 1718789611918,
    "id": 1718789611991
  },
  {
    "type": "option",
    "value": "Great Ocean Road",
    "isCorrect": false,
    "questionId": 1718789611918,
    "id": 1718789611993
  },
  {
    "type": "option",
    "value": "Pacific Coast Highway",
    "isCorrect": true,
    "questionId": 1718789611918,
    "id": 1718789611994
  },
  {
    "type": "option",
    "value": "Overseas Highway",
    "isCorrect": false,
    "questionId": 1718789611918,
    "id": 1718789611995
  }
]