[
  {
    "questionStatsId": 1718747385893,
    "value": "H2O",
    "isCorrect": true,
    "choose": true,
    "id": 1718747385906
  },
  {
    "questionStatsId": 1718747385888,
    "value": "Paris",
    "isCorrect": true,
    "choose": true,
    "id": 1718747385912
  },
  {
    "questionStatsId": 1718747385888,
    "value": "Lyon",
    "isCorrect": false,
    "choose": false,
    "id": 1718747385914
  },
  {
    "questionStatsId": 1718747385893,
    "value": "CO2",
    "isCorrect": false,
    "choose": false,
    "id": 1718747385916
  },
  {
    "questionStatsId": 1718747385893,
    "value": "O2",
    "isCorrect": false,
    "choose": false,
    "id": 1718747385918
  },
  {
    "questionStatsId": 1718747385893,
    "value": "N2",
    "isCorrect": false,
    "choose": false,
    "id": 1718747385920
  },
  {
    "questionStatsId": 1718747385888,
    "value": "Marseille",
    "isCorrect": false,
    "choose": false,
    "id": 1718747385922
  },
  {
    "questionStatsId": 1718747385888,
    "value": "Lille",
    "isCorrect": false,
    "choose": false,
    "id": 1718747385923
  },
  {
    "questionStatsId": 1718747385891,
    "value": "Antoine de Saint-Exupéry",
    "isCorrect": true,
    "choose": true,
    "id": 1718747385926
  },
  {
    "questionStatsId": 1718747385891,
    "value": "Victor Hugo",
    "isCorrect": false,
    "choose": false,
    "id": 1718747385928
  },
  {
    "questionStatsId": 1718747385891,
    "value": "J.K. Rowling",
    "isCorrect": false,
    "choose": false,
    "id": 1718747385930
  },
  {
    "questionStatsId": 1718747385891,
    "value": "George Orwell",
    "isCorrect": false,
    "choose": false,
    "id": 1718747385932
  },
  {
    "questionStatsId": 1718747405246,
    "value": "Lyon",
    "isCorrect": false,
    "choose": true,
    "id": 1718747405259
  },
  {
    "questionStatsId": 1718747405249,
    "value": "Victor Hugo",
    "isCorrect": false,
    "choose": false,
    "id": 1718747405262
  },
  {
    "questionStatsId": 1718747405246,
    "value": "Paris",
    "isCorrect": true,
    "choose": true,
    "id": 1718747405264
  },
  {
    "questionStatsId": 1718747405249,
    "value": "J.K. Rowling",
    "isCorrect": false,
    "choose": false,
    "id": 1718747405267
  },
  {
    "questionStatsId": 1718747405249,
    "value": "George Orwell",
    "isCorrect": false,
    "choose": false,
    "id": 1718747405273
  },
  {
    "questionStatsId": 1718747405246,
    "value": "Marseille",
    "isCorrect": false,
    "choose": false,
    "id": 1718747405277
  },
  {
    "questionStatsId": 1718747405251,
    "value": "N2",
    "isCorrect": false,
    "choose": true,
    "id": 1718747405281
  },
  {
    "questionStatsId": 1718747405251,
    "value": "H2O",
    "isCorrect": true,
    "choose": true,
    "id": 1718747405283
  },
  {
    "questionStatsId": 1718747405251,
    "value": "CO2",
    "isCorrect": false,
    "choose": false,
    "id": 1718747405285
  },
  {
    "questionStatsId": 1718747405251,
    "value": "O2",
    "isCorrect": false,
    "choose": false,
    "id": 1718747405288
  },
  {
    "questionStatsId": 1718747405246,
    "value": "Lille",
    "isCorrect": false,
    "choose": false,
    "id": 1718747405289
  },
  {
    "questionStatsId": 1718747405249,
    "value": "Antoine de Saint-Exupéry",
    "isCorrect": true,
    "choose": true,
    "id": 1718747405291
  },
  {
    "questionStatsId": 1718747419122,
    "value": "Paris",
    "isCorrect": true,
    "choose": true,
    "id": 1718747419134
  },
  {
    "questionStatsId": 1718747419124,
    "value": "Antoine de Saint-Exupéry",
    "isCorrect": true,
    "choose": true,
    "id": 1718747419136
  },
  {
    "questionStatsId": 1718747419124,
    "value": "Victor Hugo",
    "isCorrect": false,
    "choose": false,
    "id": 1718747419138
  },
  {
    "questionStatsId": 1718747419122,
    "value": "Lyon",
    "isCorrect": false,
    "choose": false,
    "id": 1718747419140
  },
  {
    "questionStatsId": 1718747419122,
    "value": "Marseille",
    "isCorrect": false,
    "choose": false,
    "id": 1718747419145
  },
  {
    "questionStatsId": 1718747419124,
    "value": "George Orwell",
    "isCorrect": false,
    "choose": false,
    "id": 1718747419147
  },
  {
    "questionStatsId": 1718747419124,
    "value": "J.K. Rowling",
    "isCorrect": false,
    "choose": false,
    "id": 1718747419149
  },
  {
    "questionStatsId": 1718747419126,
    "value": "N2",
    "isCorrect": false,
    "choose": false,
    "id": 1718747419151
  },
  {
    "questionStatsId": 1718747419126,
    "value": "H2O",
    "isCorrect": true,
    "choose": true,
    "id": 1718747419153
  },
  {
    "questionStatsId": 1718747419126,
    "value": "CO2",
    "isCorrect": false,
    "choose": false,
    "id": 1718747419157
  },
  {
    "questionStatsId": 1718747419126,
    "value": "O2",
    "isCorrect": false,
    "choose": false,
    "id": 1718747419158
  },
  {
    "questionStatsId": 1718747419122,
    "value": "Lille",
    "isCorrect": false,
    "choose": false,
    "id": 1718747419160
  },
  {
    "questionStatsId": 1718747431413,
    "value": "Paris",
    "isCorrect": true,
    "choose": true,
    "id": 1718747431425
  },
  {
    "questionStatsId": 1718747431413,
    "value": "Lyon",
    "isCorrect": false,
    "choose": false,
    "id": 1718747431427
  },
  {
    "questionStatsId": 1718747431413,
    "value": "Marseille",
    "isCorrect": false,
    "choose": false,
    "id": 1718747431428
  },
  {
    "questionStatsId": 1718747431413,
    "value": "Lille",
    "isCorrect": false,
    "choose": false,
    "id": 1718747431432
  },
  {
    "questionStatsId": 1718747431416,
    "value": "Antoine de Saint-Exupéry",
    "isCorrect": true,
    "choose": true,
    "id": 1718747431434
  },
  {
    "questionStatsId": 1718747431416,
    "value": "Victor Hugo",
    "isCorrect": false,
    "choose": false,
    "id": 1718747431435
  },
  {
    "questionStatsId": 1718747431416,
    "value": "J.K. Rowling",
    "isCorrect": false,
    "choose": false,
    "id": 1718747431437
  },
  {
    "questionStatsId": 1718747431416,
    "value": "George Orwell",
    "isCorrect": false,
    "choose": false,
    "id": 1718747431439
  },
  {
    "questionStatsId": 1718747431417,
    "value": "H2O",
    "isCorrect": true,
    "choose": true,
    "id": 1718747431441
  },
  {
    "questionStatsId": 1718747431417,
    "value": "CO2",
    "isCorrect": false,
    "choose": false,
    "id": 1718747431442
  },
  {
    "questionStatsId": 1718747431417,
    "value": "O2",
    "isCorrect": false,
    "choose": false,
    "id": 1718747431444
  },
  {
    "questionStatsId": 1718747431417,
    "value": "N2",
    "isCorrect": false,
    "choose": false,
    "id": 1718747431446
  },
  {
    "questionStatsId": 1718747675910,
    "value": "Paris",
    "isCorrect": true,
    "choose": true,
    "id": 1718747675944
  },
  {
    "questionStatsId": 1718747675910,
    "value": "Lyon",
    "isCorrect": false,
    "choose": false,
    "id": 1718747675946
  },
  {
    "questionStatsId": 1718747675910,
    "value": "Lille",
    "isCorrect": false,
    "choose": false,
    "id": 1718747675948
  },
  {
    "questionStatsId": 1718747675914,
    "value": "H2O",
    "isCorrect": true,
    "choose": true,
    "id": 1718747675949
  },
  {
    "questionStatsId": 1718747675910,
    "value": "Marseille",
    "isCorrect": false,
    "choose": false,
    "id": 1718747675951
  },
  {
    "questionStatsId": 1718747675914,
    "value": "CO2",
    "isCorrect": false,
    "choose": false,
    "id": 1718747675953
  },
  {
    "questionStatsId": 1718747675914,
    "value": "O2",
    "isCorrect": false,
    "choose": false,
    "id": 1718747675954
  },
  {
    "questionStatsId": 1718747675912,
    "value": "Antoine de Saint-Exupéry",
    "isCorrect": true,
    "choose": true,
    "id": 1718747675956
  },
  {
    "questionStatsId": 1718747675914,
    "value": "N2",
    "isCorrect": false,
    "choose": false,
    "id": 1718747675958
  },
  {
    "questionStatsId": 1718747675912,
    "value": "J.K. Rowling",
    "isCorrect": false,
    "choose": false,
    "id": 1718747675960
  },
  {
    "questionStatsId": 1718747675912,
    "value": "Victor Hugo",
    "isCorrect": false,
    "choose": false,
    "id": 1718747675972
  },
  {
    "questionStatsId": 1718747675912,
    "value": "George Orwell",
    "isCorrect": false,
    "choose": false,
    "id": 1718747675973
  },
  {
    "questionStatsId": 1718747691042,
    "value": "Paris",
    "isCorrect": true,
    "choose": true,
    "id": 1718747691050
  },
  {
    "questionStatsId": 1718747691042,
    "value": "Lyon",
    "isCorrect": false,
    "choose": false,
    "id": 1718747691052
  },
  {
    "questionStatsId": 1718747691042,
    "value": "Marseille",
    "isCorrect": false,
    "choose": false,
    "id": 1718747691054
  },
  {
    "questionStatsId": 1718747691044,
    "value": "Antoine de Saint-Exupéry",
    "isCorrect": true,
    "choose": true,
    "id": 1718747691056
  },
  {
    "questionStatsId": 1718747691044,
    "value": "J.K. Rowling",
    "isCorrect": false,
    "choose": false,
    "id": 1718747691058
  },
  {
    "questionStatsId": 1718747691044,
    "value": "George Orwell",
    "isCorrect": false,
    "choose": false,
    "id": 1718747691060
  },
  {
    "questionStatsId": 1718747691044,
    "value": "Victor Hugo",
    "isCorrect": false,
    "choose": false,
    "id": 1718747691062
  },
  {
    "questionStatsId": 1718747691042,
    "value": "Lille",
    "isCorrect": false,
    "choose": false,
    "id": 1718747691064
  },
  {
    "questionStatsId": 1718747691045,
    "value": "O2",
    "isCorrect": false,
    "choose": false,
    "id": 1718747691066
  },
  {
    "questionStatsId": 1718747691045,
    "value": "H2O",
    "isCorrect": true,
    "choose": true,
    "id": 1718747691068
  },
  {
    "questionStatsId": 1718747691045,
    "value": "CO2",
    "isCorrect": false,
    "choose": false,
    "id": 1718747691071
  },
  {
    "questionStatsId": 1718747691045,
    "value": "N2",
    "isCorrect": false,
    "choose": false,
    "id": 1718747691072
  },
  {
    "questionStatsId": 1718747715824,
    "value": "Paris",
    "isCorrect": true,
    "choose": true,
    "id": 1718747715835
  },
  {
    "questionStatsId": 1718747715824,
    "value": "Lyon",
    "isCorrect": false,
    "choose": false,
    "id": 1718747715839
  },
  {
    "questionStatsId": 1718747715824,
    "value": "Marseille",
    "isCorrect": false,
    "choose": false,
    "id": 1718747715842
  },
  {
    "questionStatsId": 1718747715824,
    "value": "Lille",
    "isCorrect": false,
    "choose": false,
    "id": 1718747715844
  },
  {
    "questionStatsId": 1718747715826,
    "value": "Antoine de Saint-Exupéry",
    "isCorrect": true,
    "choose": true,
    "id": 1718747715847
  },
  {
    "questionStatsId": 1718747715826,
    "value": "George Orwell",
    "isCorrect": false,
    "choose": false,
    "id": 1718747715850
  },
  {
    "questionStatsId": 1718747715827,
    "value": "H2O",
    "isCorrect": true,
    "choose": true,
    "id": 1718747715854
  },
  {
    "questionStatsId": 1718747715826,
    "value": "Victor Hugo",
    "isCorrect": false,
    "choose": false,
    "id": 1718747715856
  },
  {
    "questionStatsId": 1718747715826,
    "value": "J.K. Rowling",
    "isCorrect": false,
    "choose": false,
    "id": 1718747715859
  },
  {
    "questionStatsId": 1718747715827,
    "value": "CO2",
    "isCorrect": false,
    "choose": false,
    "id": 1718747715863
  },
  {
    "questionStatsId": 1718747715827,
    "value": "O2",
    "isCorrect": false,
    "choose": false,
    "id": 1718747715866
  },
  {
    "questionStatsId": 1718747715827,
    "value": "N2",
    "isCorrect": false,
    "choose": false,
    "id": 1718747715868
  },
  {
    "questionStatsId": 1718747734627,
    "value": "Lyon",
    "isCorrect": false,
    "choose": false,
    "id": 1718747734647
  },
  {
    "questionStatsId": 1718747734627,
    "value": "Paris",
    "isCorrect": true,
    "choose": true,
    "id": 1718747734649
  },
  {
    "questionStatsId": 1718747734627,
    "value": "Marseille",
    "isCorrect": false,
    "choose": false,
    "id": 1718747734651
  },
  {
    "questionStatsId": 1718747734627,
    "value": "Lille",
    "isCorrect": false,
    "choose": false,
    "id": 1718747734653
  },
  {
    "questionStatsId": 1718747734628,
    "value": "Antoine de Saint-Exupéry",
    "isCorrect": true,
    "choose": true,
    "id": 1718747734654
  },
  {
    "questionStatsId": 1718747734628,
    "value": "Victor Hugo",
    "isCorrect": false,
    "choose": false,
    "id": 1718747734656
  },
  {
    "questionStatsId": 1718747734628,
    "value": "J.K. Rowling",
    "isCorrect": false,
    "choose": false,
    "id": 1718747734657
  },
  {
    "questionStatsId": 1718747734628,
    "value": "George Orwell",
    "isCorrect": false,
    "choose": false,
    "id": 1718747734659
  },
  {
    "questionStatsId": 1718747734630,
    "value": "H2O",
    "isCorrect": true,
    "choose": true,
    "id": 1718747734661
  },
  {
    "questionStatsId": 1718747734630,
    "value": "CO2",
    "isCorrect": false,
    "choose": false,
    "id": 1718747734663
  },
  {
    "questionStatsId": 1718747734630,
    "value": "O2",
    "isCorrect": false,
    "choose": false,
    "id": 1718747734664
  },
  {
    "questionStatsId": 1718747734630,
    "value": "N2",
    "isCorrect": false,
    "choose": false,
    "id": 1718747734666
  },
  {
    "questionStatsId": 1718748248442,
    "value": "Paris",
    "isCorrect": true,
    "choose": true,
    "id": 1718748248454
  },
  {
    "questionStatsId": 1718748248442,
    "value": "Lyon",
    "isCorrect": false,
    "choose": false,
    "id": 1718748248456
  },
  {
    "questionStatsId": 1718748248442,
    "value": "Marseille",
    "isCorrect": false,
    "choose": false,
    "id": 1718748248458
  },
  {
    "questionStatsId": 1718748248444,
    "value": "Antoine de Saint-Exupéry",
    "isCorrect": true,
    "choose": true,
    "id": 1718748248459
  },
  {
    "questionStatsId": 1718748248444,
    "value": "Victor Hugo",
    "isCorrect": false,
    "choose": false,
    "id": 1718748248461
  },
  {
    "questionStatsId": 1718748248444,
    "value": "J.K. Rowling",
    "isCorrect": false,
    "choose": false,
    "id": 1718748248463
  },
  {
    "questionStatsId": 1718748248444,
    "value": "George Orwell",
    "isCorrect": false,
    "choose": false,
    "id": 1718748248465
  },
  {
    "questionStatsId": 1718748248442,
    "value": "Lille",
    "isCorrect": false,
    "choose": false,
    "id": 1718748248466
  },
  {
    "questionStatsId": 1718748248445,
    "value": "N2",
    "isCorrect": false,
    "choose": true,
    "id": 1718748248468
  },
  {
    "questionStatsId": 1718748248445,
    "value": "H2O",
    "isCorrect": true,
    "choose": true,
    "id": 1718748248470
  },
  {
    "questionStatsId": 1718748248445,
    "value": "CO2",
    "isCorrect": false,
    "choose": false,
    "id": 1718748248471
  },
  {
    "questionStatsId": 1718748248445,
    "value": "O2",
    "isCorrect": false,
    "choose": false,
    "id": 1718748248473
  },
  {
    "questionStatsId": 1718748261429,
    "value": "Lyon",
    "isCorrect": false,
    "choose": false,
    "id": 1718748261443
  },
  {
    "questionStatsId": 1718748261429,
    "value": "Paris",
    "isCorrect": true,
    "choose": true,
    "id": 1718748261445
  },
  {
    "questionStatsId": 1718748261429,
    "value": "Marseille",
    "isCorrect": false,
    "choose": false,
    "id": 1718748261448
  },
  {
    "questionStatsId": 1718748261431,
    "value": "H2O",
    "isCorrect": true,
    "choose": true,
    "id": 1718748261450
  },
  {
    "questionStatsId": 1718748261431,
    "value": "CO2",
    "isCorrect": false,
    "choose": false,
    "id": 1718748261451
  },
  {
    "questionStatsId": 1718748261429,
    "value": "Lille",
    "isCorrect": false,
    "choose": false,
    "id": 1718748261454
  },
  {
    "questionStatsId": 1718748261431,
    "value": "O2",
    "isCorrect": false,
    "choose": false,
    "id": 1718748261455
  },
  {
    "questionStatsId": 1718748261430,
    "value": "Antoine de Saint-Exupéry",
    "isCorrect": true,
    "choose": true,
    "id": 1718748261457
  },
  {
    "questionStatsId": 1718748261431,
    "value": "N2",
    "isCorrect": false,
    "choose": false,
    "id": 1718748261459
  },
  {
    "questionStatsId": 1718748261430,
    "value": "Victor Hugo",
    "isCorrect": false,
    "choose": false,
    "id": 1718748261461
  },
  {
    "questionStatsId": 1718748261430,
    "value": "J.K. Rowling",
    "isCorrect": false,
    "choose": false,
    "id": 1718748261464
  },
  {
    "questionStatsId": 1718748261430,
    "value": "George Orwell",
    "isCorrect": false,
    "choose": false,
    "id": 1718748261469
  },
  {
    "questionStatsId": 1718748275639,
    "value": "Paris",
    "isCorrect": true,
    "choose": true,
    "id": 1718748275657
  },
  {
    "questionStatsId": 1718748275639,
    "value": "Lyon",
    "isCorrect": false,
    "choose": false,
    "id": 1718748275659
  },
  {
    "questionStatsId": 1718748275639,
    "value": "Marseille",
    "isCorrect": false,
    "choose": false,
    "id": 1718748275661
  },
  {
    "questionStatsId": 1718748275639,
    "value": "Lille",
    "isCorrect": false,
    "choose": false,
    "id": 1718748275662
  },
  {
    "questionStatsId": 1718748275641,
    "value": "Antoine de Saint-Exupéry",
    "isCorrect": true,
    "choose": true,
    "id": 1718748275664
  },
  {
    "questionStatsId": 1718748275641,
    "value": "Victor Hugo",
    "isCorrect": false,
    "choose": false,
    "id": 1718748275666
  },
  {
    "questionStatsId": 1718748275641,
    "value": "J.K. Rowling",
    "isCorrect": false,
    "choose": false,
    "id": 1718748275668
  },
  {
    "questionStatsId": 1718748275641,
    "value": "George Orwell",
    "isCorrect": false,
    "choose": false,
    "id": 1718748275669
  },
  {
    "questionStatsId": 1718748275643,
    "value": "H2O",
    "isCorrect": true,
    "choose": true,
    "id": 1718748275671
  },
  {
    "questionStatsId": 1718748275643,
    "value": "CO2",
    "isCorrect": false,
    "choose": false,
    "id": 1718748275672
  },
  {
    "questionStatsId": 1718748275643,
    "value": "O2",
    "isCorrect": false,
    "choose": false,
    "id": 1718748275674
  },
  {
    "questionStatsId": 1718748275643,
    "value": "N2",
    "isCorrect": false,
    "choose": false,
    "id": 1718748275677
  },
  {
    "questionStatsId": 1718748288058,
    "value": "Paris",
    "isCorrect": true,
    "choose": true,
    "id": 1718748288079
  },
  {
    "questionStatsId": 1718748288058,
    "value": "Lyon",
    "isCorrect": false,
    "choose": false,
    "id": 1718748288081
  },
  {
    "questionStatsId": 1718748288058,
    "value": "Marseille",
    "isCorrect": false,
    "choose": false,
    "id": 1718748288083
  },
  {
    "questionStatsId": 1718748288058,
    "value": "Lille",
    "isCorrect": false,
    "choose": false,
    "id": 1718748288084
  },
  {
    "questionStatsId": 1718748288060,
    "value": "George Orwell",
    "isCorrect": false,
    "choose": true,
    "id": 1718748288086
  },
  {
    "questionStatsId": 1718748288062,
    "value": "N2",
    "isCorrect": false,
    "choose": true,
    "id": 1718748288087
  },
  {
    "questionStatsId": 1718748288062,
    "value": "H2O",
    "isCorrect": true,
    "choose": true,
    "id": 1718748288089
  },
  {
    "questionStatsId": 1718748288062,
    "value": "CO2",
    "isCorrect": false,
    "choose": false,
    "id": 1718748288091
  },
  {
    "questionStatsId": 1718748288062,
    "value": "O2",
    "isCorrect": false,
    "choose": false,
    "id": 1718748288093
  },
  {
    "questionStatsId": 1718748288060,
    "value": "Antoine de Saint-Exupéry",
    "isCorrect": true,
    "choose": true,
    "id": 1718748288095
  },
  {
    "questionStatsId": 1718748288060,
    "value": "Victor Hugo",
    "isCorrect": false,
    "choose": false,
    "id": 1718748288096
  },
  {
    "questionStatsId": 1718748288060,
    "value": "J.K. Rowling",
    "isCorrect": false,
    "choose": false,
    "id": 1718748288098
  },
  {
    "questionStatsId": 1718749008414,
    "value": "Lyon",
    "isCorrect": false,
    "choose": true,
    "id": 1718749008429
  },
  {
    "questionStatsId": 1718749008414,
    "value": "Paris",
    "isCorrect": true,
    "choose": true,
    "id": 1718749008432
  },
  {
    "questionStatsId": 1718749008419,
    "value": "H2O",
    "isCorrect": true,
    "choose": true,
    "id": 1718749008434
  },
  {
    "questionStatsId": 1718749008414,
    "value": "Marseille",
    "isCorrect": false,
    "choose": false,
    "id": 1718749008435
  },
  {
    "questionStatsId": 1718749008419,
    "value": "CO2",
    "isCorrect": false,
    "choose": false,
    "id": 1718749008437
  },
  {
    "questionStatsId": 1718749008419,
    "value": "O2",
    "isCorrect": false,
    "choose": false,
    "id": 1718749008438
  },
  {
    "questionStatsId": 1718749008414,
    "value": "Lille",
    "isCorrect": false,
    "choose": false,
    "id": 1718749008440
  },
  {
    "questionStatsId": 1718749008419,
    "value": "N2",
    "isCorrect": false,
    "choose": false,
    "id": 1718749008441
  },
  {
    "questionStatsId": 1718749008418,
    "value": "Antoine de Saint-Exupéry",
    "isCorrect": true,
    "choose": true,
    "id": 1718749008443
  },
  {
    "questionStatsId": 1718749008418,
    "value": "Victor Hugo",
    "isCorrect": false,
    "choose": false,
    "id": 1718749008447
  },
  {
    "questionStatsId": 1718749008418,
    "value": "J.K. Rowling",
    "isCorrect": false,
    "choose": false,
    "id": 1718749008450
  },
  {
    "questionStatsId": 1718749008418,
    "value": "George Orwell",
    "isCorrect": false,
    "choose": false,
    "id": 1718749008453
  },
  {
    "questionStatsId": 1718749022713,
    "value": "Paris",
    "isCorrect": true,
    "choose": true,
    "id": 1718749022733
  },
  {
    "questionStatsId": 1718749022713,
    "value": "Marseille",
    "isCorrect": false,
    "choose": false,
    "id": 1718749022735
  },
  {
    "questionStatsId": 1718749022713,
    "value": "Lyon",
    "isCorrect": false,
    "choose": false,
    "id": 1718749022737
  },
  {
    "questionStatsId": 1718749022715,
    "value": "CO2",
    "isCorrect": false,
    "choose": false,
    "id": 1718749022738
  },
  {
    "questionStatsId": 1718749022715,
    "value": "O2",
    "isCorrect": false,
    "choose": false,
    "id": 1718749022740
  },
  {
    "questionStatsId": 1718749022713,
    "value": "Lille",
    "isCorrect": false,
    "choose": false,
    "id": 1718749022742
  },
  {
    "questionStatsId": 1718749022714,
    "value": "Antoine de Saint-Exupéry",
    "isCorrect": true,
    "choose": true,
    "id": 1718749022745
  },
  {
    "questionStatsId": 1718749022714,
    "value": "Victor Hugo",
    "isCorrect": false,
    "choose": false,
    "id": 1718749022747
  },
  {
    "questionStatsId": 1718749022714,
    "value": "J.K. Rowling",
    "isCorrect": false,
    "choose": false,
    "id": 1718749022748
  },
  {
    "questionStatsId": 1718749022714,
    "value": "George Orwell",
    "isCorrect": false,
    "choose": false,
    "id": 1718749022750
  },
  {
    "questionStatsId": 1718749022715,
    "value": "N2",
    "isCorrect": false,
    "choose": true,
    "id": 1718749022751
  },
  {
    "questionStatsId": 1718749022715,
    "value": "H2O",
    "isCorrect": true,
    "choose": true,
    "id": 1718749022753
  },
  {
    "questionStatsId": 1718749037605,
    "value": "Lyon",
    "isCorrect": false,
    "choose": true,
    "id": 1718749037617
  },
  {
    "questionStatsId": 1718749037605,
    "value": "Paris",
    "isCorrect": true,
    "choose": true,
    "id": 1718749037618
  },
  {
    "questionStatsId": 1718749037605,
    "value": "Marseille",
    "isCorrect": false,
    "choose": false,
    "id": 1718749037620
  },
  {
    "questionStatsId": 1718749037607,
    "value": "Victor Hugo",
    "isCorrect": false,
    "choose": false,
    "id": 1718749037622
  },
  {
    "questionStatsId": 1718749037607,
    "value": "George Orwell",
    "isCorrect": false,
    "choose": false,
    "id": 1718749037624
  },
  {
    "questionStatsId": 1718749037608,
    "value": "H2O",
    "isCorrect": true,
    "choose": true,
    "id": 1718749037626
  },
  {
    "questionStatsId": 1718749037608,
    "value": "CO2",
    "isCorrect": false,
    "choose": false,
    "id": 1718749037628
  },
  {
    "questionStatsId": 1718749037607,
    "value": "J.K. Rowling",
    "isCorrect": false,
    "choose": false,
    "id": 1718749037631
  },
  {
    "questionStatsId": 1718749037608,
    "value": "O2",
    "isCorrect": false,
    "choose": false,
    "id": 1718749037633
  },
  {
    "questionStatsId": 1718749037608,
    "value": "N2",
    "isCorrect": false,
    "choose": false,
    "id": 1718749037635
  },
  {
    "questionStatsId": 1718749037605,
    "value": "Lille",
    "isCorrect": false,
    "choose": false,
    "id": 1718749037637
  },
  {
    "questionStatsId": 1718749037607,
    "value": "Antoine de Saint-Exupéry",
    "isCorrect": true,
    "choose": true,
    "id": 1718749037639
  },
  {
    "questionStatsId": 1718749058105,
    "value": "Paris",
    "isCorrect": true,
    "choose": true,
    "id": 1718749058121
  },
  {
    "questionStatsId": 1718749058107,
    "value": "George Orwell",
    "isCorrect": false,
    "choose": false,
    "id": 1718749058125
  },
  {
    "questionStatsId": 1718749058108,
    "value": "H2O",
    "isCorrect": true,
    "choose": true,
    "id": 1718749058127
  },
  {
    "questionStatsId": 1718749058108,
    "value": "CO2",
    "isCorrect": false,
    "choose": false,
    "id": 1718749058128
  },
  {
    "questionStatsId": 1718749058108,
    "value": "O2",
    "isCorrect": false,
    "choose": false,
    "id": 1718749058130
  },
  {
    "questionStatsId": 1718749058108,
    "value": "N2",
    "isCorrect": false,
    "choose": false,
    "id": 1718749058133
  },
  {
    "questionStatsId": 1718749058105,
    "value": "Lyon",
    "isCorrect": false,
    "choose": false,
    "id": 1718749058135
  },
  {
    "questionStatsId": 1718749058105,
    "value": "Marseille",
    "isCorrect": false,
    "choose": false,
    "id": 1718749058137
  },
  {
    "questionStatsId": 1718749058107,
    "value": "Antoine de Saint-Exupéry",
    "isCorrect": true,
    "choose": true,
    "id": 1718749058139
  },
  {
    "questionStatsId": 1718749058105,
    "value": "Lille",
    "isCorrect": false,
    "choose": false,
    "id": 1718749058141
  },
  {
    "questionStatsId": 1718749058107,
    "value": "Victor Hugo",
    "isCorrect": false,
    "choose": false,
    "id": 1718749058142
  },
  {
    "questionStatsId": 1718749058107,
    "value": "J.K. Rowling",
    "isCorrect": false,
    "choose": false,
    "id": 1718749058144
  },
  {
    "questionStatsId": 1718749085644,
    "value": "Paris",
    "isCorrect": true,
    "choose": true,
    "id": 1718749085663
  },
  {
    "questionStatsId": 1718749085646,
    "value": "J.K. Rowling",
    "isCorrect": false,
    "choose": false,
    "id": 1718749085665
  },
  {
    "questionStatsId": 1718749085646,
    "value": "George Orwell",
    "isCorrect": false,
    "choose": false,
    "id": 1718749085666
  },
  {
    "questionStatsId": 1718749085647,
    "value": "H2O",
    "isCorrect": true,
    "choose": true,
    "id": 1718749085669
  },
  {
    "questionStatsId": 1718749085644,
    "value": "Lyon",
    "isCorrect": false,
    "choose": false,
    "id": 1718749085670
  },
  {
    "questionStatsId": 1718749085647,
    "value": "CO2",
    "isCorrect": false,
    "choose": false,
    "id": 1718749085672
  },
  {
    "questionStatsId": 1718749085647,
    "value": "O2",
    "isCorrect": false,
    "choose": false,
    "id": 1718749085674
  },
  {
    "questionStatsId": 1718749085647,
    "value": "N2",
    "isCorrect": false,
    "choose": false,
    "id": 1718749085675
  },
  {
    "questionStatsId": 1718749085644,
    "value": "Marseille",
    "isCorrect": false,
    "choose": false,
    "id": 1718749085677
  },
  {
    "questionStatsId": 1718749085644,
    "value": "Lille",
    "isCorrect": false,
    "choose": false,
    "id": 1718749085681
  },
  {
    "questionStatsId": 1718749085646,
    "value": "Antoine de Saint-Exupéry",
    "isCorrect": true,
    "choose": true,
    "id": 1718749085682
  },
  {
    "questionStatsId": 1718749085646,
    "value": "Victor Hugo",
    "isCorrect": false,
    "choose": false,
    "id": 1718749085685
  },
  {
    "questionStatsId": 1718749111286,
    "value": "Paris",
    "isCorrect": true,
    "choose": true,
    "id": 1718749111305
  },
  {
    "questionStatsId": 1718749111286,
    "value": "Lyon",
    "isCorrect": false,
    "choose": false,
    "id": 1718749111307
  },
  {
    "questionStatsId": 1718749111286,
    "value": "Marseille",
    "isCorrect": false,
    "choose": false,
    "id": 1718749111309
  },
  {
    "questionStatsId": 1718749111286,
    "value": "Lille",
    "isCorrect": false,
    "choose": false,
    "id": 1718749111311
  },
  {
    "questionStatsId": 1718749111288,
    "value": "Antoine de Saint-Exupéry",
    "isCorrect": true,
    "choose": true,
    "id": 1718749111319
  },
  {
    "questionStatsId": 1718749111288,
    "value": "Victor Hugo",
    "isCorrect": false,
    "choose": false,
    "id": 1718749111321
  },
  {
    "questionStatsId": 1718749111288,
    "value": "J.K. Rowling",
    "isCorrect": false,
    "choose": false,
    "id": 1718749111324
  },
  {
    "questionStatsId": 1718749111288,
    "value": "George Orwell",
    "isCorrect": false,
    "choose": false,
    "id": 1718749111326
  },
  {
    "questionStatsId": 1718749111290,
    "value": "H2O",
    "isCorrect": true,
    "choose": true,
    "id": 1718749111328
  },
  {
    "questionStatsId": 1718749111290,
    "value": "O2",
    "isCorrect": false,
    "choose": false,
    "id": 1718749111334
  },
  {
    "questionStatsId": 1718749111290,
    "value": "N2",
    "isCorrect": false,
    "choose": false,
    "id": 1718749111336
  },
  {
    "questionStatsId": 1718749111290,
    "value": "CO2",
    "isCorrect": false,
    "choose": false,
    "id": 1718749111338
  },
  {
    "questionStatsId": 1718749139016,
    "value": "Paris",
    "isCorrect": true,
    "choose": true,
    "id": 1718749139027
  },
  {
    "questionStatsId": 1718749139016,
    "value": "Lyon",
    "isCorrect": false,
    "choose": false,
    "id": 1718749139029
  },
  {
    "questionStatsId": 1718749139016,
    "value": "Marseille",
    "isCorrect": false,
    "choose": false,
    "id": 1718749139031
  },
  {
    "questionStatsId": 1718749139016,
    "value": "Lille",
    "isCorrect": false,
    "choose": false,
    "id": 1718749139032
  },
  {
    "questionStatsId": 1718749139018,
    "value": "Antoine de Saint-Exupéry",
    "isCorrect": true,
    "choose": true,
    "id": 1718749139037
  },
  {
    "questionStatsId": 1718749139018,
    "value": "Victor Hugo",
    "isCorrect": false,
    "choose": false,
    "id": 1718749139039
  },
  {
    "questionStatsId": 1718749139018,
    "value": "J.K. Rowling",
    "isCorrect": false,
    "choose": false,
    "id": 1718749139041
  },
  {
    "questionStatsId": 1718749139018,
    "value": "George Orwell",
    "isCorrect": false,
    "choose": false,
    "id": 1718749139043
  },
  {
    "questionStatsId": 1718749139019,
    "value": "O2",
    "isCorrect": false,
    "choose": false,
    "id": 1718749139046
  },
  {
    "questionStatsId": 1718749139019,
    "value": "N2",
    "isCorrect": false,
    "choose": false,
    "id": 1718749139047
  },
  {
    "questionStatsId": 1718749139019,
    "value": "H2O",
    "isCorrect": true,
    "choose": true,
    "id": 1718749139049
  },
  {
    "questionStatsId": 1718749139019,
    "value": "CO2",
    "isCorrect": false,
    "choose": false,
    "id": 1718749139051
  },
  {
    "questionStatsId": 1718749175307,
    "value": "Paris",
    "isCorrect": true,
    "choose": true,
    "id": 1718749175322
  },
  {
    "questionStatsId": 1718749175307,
    "value": "Lyon",
    "isCorrect": false,
    "choose": false,
    "id": 1718749175324
  },
  {
    "questionStatsId": 1718749175307,
    "value": "Marseille",
    "isCorrect": false,
    "choose": false,
    "id": 1718749175326
  },
  {
    "questionStatsId": 1718749175307,
    "value": "Lille",
    "isCorrect": false,
    "choose": false,
    "id": 1718749175328
  },
  {
    "questionStatsId": 1718749175309,
    "value": "Antoine de Saint-Exupéry",
    "isCorrect": true,
    "choose": true,
    "id": 1718749175333
  },
  {
    "questionStatsId": 1718749175309,
    "value": "Victor Hugo",
    "isCorrect": false,
    "choose": false,
    "id": 1718749175334
  },
  {
    "questionStatsId": 1718749175309,
    "value": "J.K. Rowling",
    "isCorrect": false,
    "choose": false,
    "id": 1718749175337
  },
  {
    "questionStatsId": 1718749175309,
    "value": "George Orwell",
    "isCorrect": false,
    "choose": false,
    "id": 1718749175339
  },
  {
    "questionStatsId": 1718749175311,
    "value": "H2O",
    "isCorrect": true,
    "choose": true,
    "id": 1718749175341
  },
  {
    "questionStatsId": 1718749175311,
    "value": "O2",
    "isCorrect": false,
    "choose": false,
    "id": 1718749175343
  },
  {
    "questionStatsId": 1718749175311,
    "value": "N2",
    "isCorrect": false,
    "choose": false,
    "id": 1718749175344
  },
  {
    "questionStatsId": 1718749175311,
    "value": "CO2",
    "isCorrect": false,
    "choose": false,
    "id": 1718749175347
  },
  {
    "questionStatsId": 1718749207585,
    "value": "Marseille",
    "isCorrect": false,
    "choose": true,
    "id": 1718749207599
  },
  {
    "questionStatsId": 1718749207585,
    "value": "Paris",
    "isCorrect": true,
    "choose": true,
    "id": 1718749207600
  },
  {
    "questionStatsId": 1718749207585,
    "value": "Lyon",
    "isCorrect": false,
    "choose": false,
    "id": 1718749207603
  },
  {
    "questionStatsId": 1718749207585,
    "value": "Lille",
    "isCorrect": false,
    "choose": false,
    "id": 1718749207604
  },
  {
    "questionStatsId": 1718749207586,
    "value": "George Orwell",
    "isCorrect": false,
    "choose": true,
    "id": 1718749207613
  },
  {
    "questionStatsId": 1718749207586,
    "value": "Antoine de Saint-Exupéry",
    "isCorrect": true,
    "choose": true,
    "id": 1718749207615
  },
  {
    "questionStatsId": 1718749207586,
    "value": "Victor Hugo",
    "isCorrect": false,
    "choose": false,
    "id": 1718749207617
  },
  {
    "questionStatsId": 1718749207586,
    "value": "J.K. Rowling",
    "isCorrect": false,
    "choose": false,
    "id": 1718749207619
  },
  {
    "questionStatsId": 1718749207588,
    "value": "CO2",
    "isCorrect": false,
    "choose": true,
    "id": 1718749207621
  },
  {
    "questionStatsId": 1718749207588,
    "value": "H2O",
    "isCorrect": true,
    "choose": true,
    "id": 1718749207623
  },
  {
    "questionStatsId": 1718749207588,
    "value": "O2",
    "isCorrect": false,
    "choose": false,
    "id": 1718749207624
  },
  {
    "questionStatsId": 1718749207588,
    "value": "N2",
    "isCorrect": false,
    "choose": false,
    "id": 1718749207626
  },
  {
    "questionStatsId": 1718749249353,
    "value": "Paris",
    "isCorrect": true,
    "choose": true,
    "id": 1718749249379
  },
  {
    "questionStatsId": 1718749249353,
    "value": "Lyon",
    "isCorrect": false,
    "choose": false,
    "id": 1718749249381
  },
  {
    "questionStatsId": 1718749249353,
    "value": "Marseille",
    "isCorrect": false,
    "choose": false,
    "id": 1718749249382
  },
  {
    "questionStatsId": 1718749249353,
    "value": "Lille",
    "isCorrect": false,
    "choose": false,
    "id": 1718749249385
  },
  {
    "questionStatsId": 1718749249354,
    "value": "Antoine de Saint-Exupéry",
    "isCorrect": true,
    "choose": true,
    "id": 1718749249399
  },
  {
    "questionStatsId": 1718749249354,
    "value": "Victor Hugo",
    "isCorrect": false,
    "choose": false,
    "id": 1718749249401
  },
  {
    "questionStatsId": 1718749249354,
    "value": "J.K. Rowling",
    "isCorrect": false,
    "choose": false,
    "id": 1718749249404
  },
  {
    "questionStatsId": 1718749249354,
    "value": "George Orwell",
    "isCorrect": false,
    "choose": false,
    "id": 1718749249406
  },
  {
    "questionStatsId": 1718749249356,
    "value": "H2O",
    "isCorrect": true,
    "choose": true,
    "id": 1718749249409
  },
  {
    "questionStatsId": 1718749249356,
    "value": "CO2",
    "isCorrect": false,
    "choose": false,
    "id": 1718749249411
  },
  {
    "questionStatsId": 1718749249356,
    "value": "O2",
    "isCorrect": false,
    "choose": false,
    "id": 1718749249413
  },
  {
    "questionStatsId": 1718749249356,
    "value": "N2",
    "isCorrect": false,
    "choose": false,
    "id": 1718749249415
  },
  {
    "questionStatsId": 1718749267818,
    "value": "Paris",
    "isCorrect": true,
    "choose": true,
    "id": 1718749267842
  },
  {
    "questionStatsId": 1718749267818,
    "value": "Lyon",
    "isCorrect": false,
    "choose": false,
    "id": 1718749267845
  },
  {
    "questionStatsId": 1718749267818,
    "value": "Marseille",
    "isCorrect": false,
    "choose": false,
    "id": 1718749267847
  },
  {
    "questionStatsId": 1718749267818,
    "value": "Lille",
    "isCorrect": false,
    "choose": false,
    "id": 1718749267848
  },
  {
    "questionStatsId": 1718749267820,
    "value": "Antoine de Saint-Exupéry",
    "isCorrect": true,
    "choose": true,
    "id": 1718749267865
  },
  {
    "questionStatsId": 1718749267820,
    "value": "Victor Hugo",
    "isCorrect": false,
    "choose": false,
    "id": 1718749267868
  },
  {
    "questionStatsId": 1718749267820,
    "value": "J.K. Rowling",
    "isCorrect": false,
    "choose": false,
    "id": 1718749267870
  },
  {
    "questionStatsId": 1718749267820,
    "value": "George Orwell",
    "isCorrect": false,
    "choose": false,
    "id": 1718749267873
  },
  {
    "questionStatsId": 1718749267821,
    "value": "H2O",
    "isCorrect": true,
    "choose": true,
    "id": 1718749267875
  },
  {
    "questionStatsId": 1718749267821,
    "value": "CO2",
    "isCorrect": false,
    "choose": false,
    "id": 1718749267877
  },
  {
    "questionStatsId": 1718749267821,
    "value": "O2",
    "isCorrect": false,
    "choose": false,
    "id": 1718749267879
  },
  {
    "questionStatsId": 1718749267821,
    "value": "N2",
    "isCorrect": false,
    "choose": false,
    "id": 1718749267881
  },
  {
    "questionStatsId": 1718749296871,
    "value": "Paris",
    "isCorrect": true,
    "choose": true,
    "id": 1718749296896
  },
  {
    "questionStatsId": 1718749296871,
    "value": "Lyon",
    "isCorrect": false,
    "choose": false,
    "id": 1718749296898
  },
  {
    "questionStatsId": 1718749296871,
    "value": "Marseille",
    "isCorrect": false,
    "choose": false,
    "id": 1718749296900
  },
  {
    "questionStatsId": 1718749296871,
    "value": "Lille",
    "isCorrect": false,
    "choose": false,
    "id": 1718749296902
  },
  {
    "questionStatsId": 1718749296873,
    "value": "Antoine de Saint-Exupéry",
    "isCorrect": true,
    "choose": true,
    "id": 1718749296920
  },
  {
    "questionStatsId": 1718749296873,
    "value": "Victor Hugo",
    "isCorrect": false,
    "choose": false,
    "id": 1718749296922
  },
  {
    "questionStatsId": 1718749296873,
    "value": "J.K. Rowling",
    "isCorrect": false,
    "choose": false,
    "id": 1718749296924
  },
  {
    "questionStatsId": 1718749296873,
    "value": "George Orwell",
    "isCorrect": false,
    "choose": false,
    "id": 1718749296926
  },
  {
    "questionStatsId": 1718749296874,
    "value": "H2O",
    "isCorrect": true,
    "choose": true,
    "id": 1718749296929
  },
  {
    "questionStatsId": 1718749296874,
    "value": "CO2",
    "isCorrect": false,
    "choose": false,
    "id": 1718749296931
  },
  {
    "questionStatsId": 1718749296874,
    "value": "O2",
    "isCorrect": false,
    "choose": false,
    "id": 1718749296933
  },
  {
    "questionStatsId": 1718749296874,
    "value": "N2",
    "isCorrect": false,
    "choose": false,
    "id": 1718749296935
  },
  {
    "questionStatsId": 1718749873175,
    "value": "Paris",
    "isCorrect": true,
    "choose": true,
    "id": 1718749873194
  },
  {
    "questionStatsId": 1718749873175,
    "value": "Lyon",
    "isCorrect": false,
    "choose": false,
    "id": 1718749873196
  },
  {
    "questionStatsId": 1718749873179,
    "value": "N2",
    "isCorrect": false,
    "choose": true,
    "id": 1718749873198
  },
  {
    "questionStatsId": 1718749873179,
    "value": "O2",
    "isCorrect": false,
    "choose": true,
    "id": 1718749873200
  },
  {
    "questionStatsId": 1718749873175,
    "value": "Marseille",
    "isCorrect": false,
    "choose": false,
    "id": 1718749873203
  },
  {
    "questionStatsId": 1718749873179,
    "value": "CO2",
    "isCorrect": false,
    "choose": true,
    "id": 1718749873205
  },
  {
    "questionStatsId": 1718749873179,
    "value": "H2O",
    "isCorrect": true,
    "choose": true,
    "id": 1718749873206
  },
  {
    "questionStatsId": 1718749873175,
    "value": "Lille",
    "isCorrect": false,
    "choose": false,
    "id": 1718749873208
  },
  {
    "questionStatsId": 1718749873177,
    "value": "Antoine de Saint-Exupéry",
    "isCorrect": true,
    "choose": true,
    "id": 1718749873210
  },
  {
    "questionStatsId": 1718749873177,
    "value": "Victor Hugo",
    "isCorrect": false,
    "choose": false,
    "id": 1718749873212
  },
  {
    "questionStatsId": 1718749873177,
    "value": "J.K. Rowling",
    "isCorrect": false,
    "choose": false,
    "id": 1718749873214
  },
  {
    "questionStatsId": 1718749873177,
    "value": "George Orwell",
    "isCorrect": false,
    "choose": false,
    "id": 1718749873217
  },
  {
    "questionStatsId": 1718749914438,
    "value": "Marseille",
    "isCorrect": false,
    "choose": true,
    "id": 1718749914447
  },
  {
    "questionStatsId": 1718749914438,
    "value": "Lille",
    "isCorrect": false,
    "choose": true,
    "id": 1718749914450
  },
  {
    "questionStatsId": 1718749914439,
    "value": "George Orwell",
    "isCorrect": false,
    "choose": true,
    "id": 1718749914452
  },
  {
    "questionStatsId": 1718749914439,
    "value": "J.K. Rowling",
    "isCorrect": false,
    "choose": true,
    "id": 1718749914454
  },
  {
    "questionStatsId": 1718749914438,
    "value": "Paris",
    "isCorrect": true,
    "choose": true,
    "id": 1718749914456
  },
  {
    "questionStatsId": 1718749914439,
    "value": "Antoine de Saint-Exupéry",
    "isCorrect": true,
    "choose": true,
    "id": 1718749914460
  },
  {
    "questionStatsId": 1718749914438,
    "value": "Lyon",
    "isCorrect": false,
    "choose": false,
    "id": 1718749914461
  },
  {
    "questionStatsId": 1718749914441,
    "value": "N2",
    "isCorrect": false,
    "choose": true,
    "id": 1718749914463
  },
  {
    "questionStatsId": 1718749914441,
    "value": "CO2",
    "isCorrect": false,
    "choose": true,
    "id": 1718749914465
  },
  {
    "questionStatsId": 1718749914439,
    "value": "Victor Hugo",
    "isCorrect": false,
    "choose": true,
    "id": 1718749914467
  },
  {
    "questionStatsId": 1718749914441,
    "value": "O2",
    "isCorrect": false,
    "choose": true,
    "id": 1718749914469
  },
  {
    "questionStatsId": 1718749914441,
    "value": "H2O",
    "isCorrect": true,
    "choose": true,
    "id": 1718749914472
  },
  {
    "questionStatsId": 1718749947280,
    "value": "Lyon",
    "isCorrect": false,
    "choose": true,
    "id": 1718749947293
  },
  {
    "questionStatsId": 1718749947280,
    "value": "Lille",
    "isCorrect": false,
    "choose": true,
    "id": 1718749947296
  },
  {
    "questionStatsId": 1718749947280,
    "value": "Marseille",
    "isCorrect": false,
    "choose": true,
    "id": 1718749947300
  },
  {
    "questionStatsId": 1718749947282,
    "value": "George Orwell",
    "isCorrect": false,
    "choose": true,
    "id": 1718749947303
  },
  {
    "questionStatsId": 1718749947282,
    "value": "J.K. Rowling",
    "isCorrect": false,
    "choose": true,
    "id": 1718749947305
  },
  {
    "questionStatsId": 1718749947280,
    "value": "Paris",
    "isCorrect": true,
    "choose": true,
    "id": 1718749947308
  },
  {
    "questionStatsId": 1718749947282,
    "value": "Victor Hugo",
    "isCorrect": false,
    "choose": true,
    "id": 1718749947311
  },
  {
    "questionStatsId": 1718749947282,
    "value": "Antoine de Saint-Exupéry",
    "isCorrect": true,
    "choose": true,
    "id": 1718749947314
  },
  {
    "questionStatsId": 1718749947284,
    "value": "O2",
    "isCorrect": false,
    "choose": true,
    "id": 1718749947316
  },
  {
    "questionStatsId": 1718749947284,
    "value": "CO2",
    "isCorrect": false,
    "choose": true,
    "id": 1718749947319
  },
  {
    "questionStatsId": 1718749947284,
    "value": "N2",
    "isCorrect": false,
    "choose": true,
    "id": 1718749947321
  },
  {
    "questionStatsId": 1718749947284,
    "value": "H2O",
    "isCorrect": true,
    "choose": true,
    "id": 1718749947323
  },
  {
    "questionStatsId": 1718749969058,
    "value": "Paris",
    "isCorrect": true,
    "choose": true,
    "id": 1718749969069
  },
  {
    "questionStatsId": 1718749969058,
    "value": "Lyon",
    "isCorrect": false,
    "choose": false,
    "id": 1718749969071
  },
  {
    "questionStatsId": 1718749969058,
    "value": "Marseille",
    "isCorrect": false,
    "choose": false,
    "id": 1718749969074
  },
  {
    "questionStatsId": 1718749969058,
    "value": "Lille",
    "isCorrect": false,
    "choose": false,
    "id": 1718749969077
  },
  {
    "questionStatsId": 1718749969059,
    "value": "Antoine de Saint-Exupéry",
    "isCorrect": true,
    "choose": true,
    "id": 1718749969079
  },
  {
    "questionStatsId": 1718749969059,
    "value": "Victor Hugo",
    "isCorrect": false,
    "choose": false,
    "id": 1718749969081
  },
  {
    "questionStatsId": 1718749969059,
    "value": "J.K. Rowling",
    "isCorrect": false,
    "choose": false,
    "id": 1718749969084
  },
  {
    "questionStatsId": 1718749969059,
    "value": "George Orwell",
    "isCorrect": false,
    "choose": false,
    "id": 1718749969086
  },
  {
    "questionStatsId": 1718749969061,
    "value": "N2",
    "isCorrect": false,
    "choose": true,
    "id": 1718749969087
  },
  {
    "questionStatsId": 1718749969061,
    "value": "O2",
    "isCorrect": false,
    "choose": true,
    "id": 1718749969090
  },
  {
    "questionStatsId": 1718749969061,
    "value": "CO2",
    "isCorrect": false,
    "choose": true,
    "id": 1718749969093
  },
  {
    "questionStatsId": 1718749969061,
    "value": "H2O",
    "isCorrect": true,
    "choose": true,
    "id": 1718749969096
  },
  {
    "questionStatsId": 1718750011032,
    "value": "Lille",
    "isCorrect": false,
    "choose": true,
    "id": 1718750011053
  },
  {
    "questionStatsId": 1718750011032,
    "value": "Paris",
    "isCorrect": true,
    "choose": true,
    "id": 1718750011055
  },
  {
    "questionStatsId": 1718750011032,
    "value": "Lyon",
    "isCorrect": false,
    "choose": false,
    "id": 1718750011057
  },
  {
    "questionStatsId": 1718750011032,
    "value": "Marseille",
    "isCorrect": false,
    "choose": false,
    "id": 1718750011059
  },
  {
    "questionStatsId": 1718750011034,
    "value": "Marseille",
    "isCorrect": false,
    "choose": true,
    "id": 1718750011061
  },
  {
    "questionStatsId": 1718750011034,
    "value": "Antoine de Saint-Exupéry",
    "isCorrect": true,
    "choose": true,
    "id": 1718750011063
  },
  {
    "questionStatsId": 1718750011034,
    "value": "Victor Hugo",
    "isCorrect": false,
    "choose": false,
    "id": 1718750011065
  },
  {
    "questionStatsId": 1718750011034,
    "value": "J.K. Rowling",
    "isCorrect": false,
    "choose": false,
    "id": 1718750011066
  },
  {
    "questionStatsId": 1718750011036,
    "value": "George Orwell",
    "isCorrect": false,
    "choose": false,
    "id": 1718750011069
  },
  {
    "questionStatsId": 1718750011036,
    "value": "H2O",
    "isCorrect": true,
    "choose": true,
    "id": 1718750011071
  },
  {
    "questionStatsId": 1718750011036,
    "value": "CO2",
    "isCorrect": false,
    "choose": false,
    "id": 1718750011072
  },
  {
    "questionStatsId": 1718750011036,
    "value": "O2",
    "isCorrect": false,
    "choose": false,
    "id": 1718750011074
  },
  {
    "questionStatsId": 1718750044967,
    "value": "Lyon",
    "isCorrect": false,
    "choose": true,
    "id": 1718750044983
  },
  {
    "questionStatsId": 1718750044968,
    "value": "Antoine de Saint-Exupéry",
    "isCorrect": true,
    "choose": true,
    "id": 1718750044985
  },
  {
    "questionStatsId": 1718750044967,
    "value": "Marseille",
    "isCorrect": false,
    "choose": true,
    "id": 1718750044989
  },
  {
    "questionStatsId": 1718750044967,
    "value": "Lille",
    "isCorrect": false,
    "choose": true,
    "id": 1718750044991
  },
  {
    "questionStatsId": 1718750044967,
    "value": "Paris",
    "isCorrect": true,
    "choose": true,
    "id": 1718750044993
  },
  {
    "questionStatsId": 1718750044968,
    "value": "George Orwell",
    "isCorrect": false,
    "choose": true,
    "id": 1718750044996
  },
  {
    "questionStatsId": 1718750044968,
    "value": "J.K. Rowling",
    "isCorrect": false,
    "choose": true,
    "id": 1718750044998
  },
  {
    "questionStatsId": 1718750044968,
    "value": "Victor Hugo",
    "isCorrect": false,
    "choose": true,
    "id": 1718750045000
  },
  {
    "questionStatsId": 1718750044970,
    "value": "N2",
    "isCorrect": false,
    "choose": true,
    "id": 1718750045002
  },
  {
    "questionStatsId": 1718750044970,
    "value": "O2",
    "isCorrect": false,
    "choose": true,
    "id": 1718750045004
  },
  {
    "questionStatsId": 1718750044970,
    "value": "CO2",
    "isCorrect": false,
    "choose": true,
    "id": 1718750045007
  },
  {
    "questionStatsId": 1718750044970,
    "value": "H2O",
    "isCorrect": true,
    "choose": true,
    "id": 1718750045009
  },
  {
    "questionStatsId": 1718750109149,
    "value": "Lyon",
    "isCorrect": false,
    "choose": true,
    "id": 1718750109161
  },
  {
    "questionStatsId": 1718750109149,
    "value": "Paris",
    "isCorrect": true,
    "choose": true,
    "id": 1718750109163
  },
  {
    "questionStatsId": 1718750109149,
    "value": "Marseille",
    "isCorrect": false,
    "choose": false,
    "id": 1718750109165
  },
  {
    "questionStatsId": 1718750109149,
    "value": "Lille",
    "isCorrect": false,
    "choose": false,
    "id": 1718750109167
  },
  {
    "questionStatsId": 1718750109151,
    "value": "J.K. Rowling",
    "isCorrect": false,
    "choose": true,
    "id": 1718750109173
  },
  {
    "questionStatsId": 1718750109151,
    "value": "Victor Hugo",
    "isCorrect": false,
    "choose": true,
    "id": 1718750109176
  },
  {
    "questionStatsId": 1718750109151,
    "value": "Antoine de Saint-Exupéry",
    "isCorrect": true,
    "choose": true,
    "id": 1718750109178
  },
  {
    "questionStatsId": 1718750109151,
    "value": "George Orwell",
    "isCorrect": false,
    "choose": false,
    "id": 1718750109180
  },
  {
    "questionStatsId": 1718750109153,
    "value": "N2",
    "isCorrect": false,
    "choose": true,
    "id": 1718750109182
  },
  {
    "questionStatsId": 1718750109153,
    "value": "CO2",
    "isCorrect": false,
    "choose": true,
    "id": 1718750109184
  },
  {
    "questionStatsId": 1718750109153,
    "value": "H2O",
    "isCorrect": true,
    "choose": true,
    "id": 1718750109186
  },
  {
    "questionStatsId": 1718750109153,
    "value": "O2",
    "isCorrect": false,
    "choose": true,
    "id": 1718750109188
  },
  {
    "questionStatsId": 1718750127971,
    "value": "Paris",
    "isCorrect": true,
    "choose": true,
    "id": 1718750127987
  },
  {
    "questionStatsId": 1718750127971,
    "value": "Lyon",
    "isCorrect": false,
    "choose": false,
    "id": 1718750127989
  },
  {
    "questionStatsId": 1718750127971,
    "value": "Marseille",
    "isCorrect": false,
    "choose": false,
    "id": 1718750127992
  },
  {
    "questionStatsId": 1718750127971,
    "value": "Lille",
    "isCorrect": false,
    "choose": false,
    "id": 1718750127994
  },
  {
    "questionStatsId": 1718750127973,
    "value": "George Orwell",
    "isCorrect": false,
    "choose": true,
    "id": 1718750127999
  },
  {
    "questionStatsId": 1718750127973,
    "value": "J.K. Rowling",
    "isCorrect": false,
    "choose": true,
    "id": 1718750128002
  },
  {
    "questionStatsId": 1718750127973,
    "value": "Antoine de Saint-Exupéry",
    "isCorrect": true,
    "choose": true,
    "id": 1718750128005
  },
  {
    "questionStatsId": 1718750127973,
    "value": "Victor Hugo",
    "isCorrect": false,
    "choose": false,
    "id": 1718750128008
  },
  {
    "questionStatsId": 1718750127974,
    "value": "H2O",
    "isCorrect": true,
    "choose": true,
    "id": 1718750128010
  },
  {
    "questionStatsId": 1718750127974,
    "value": "O2",
    "isCorrect": false,
    "choose": false,
    "id": 1718750128012
  },
  {
    "questionStatsId": 1718750127974,
    "value": "CO2",
    "isCorrect": false,
    "choose": true,
    "id": 1718750128014
  },
  {
    "questionStatsId": 1718750127974,
    "value": "N2",
    "isCorrect": false,
    "choose": true,
    "id": 1718750128016
  },
  {
    "questionStatsId": 1718752203953,
    "value": "Paris",
    "isCorrect": true,
    "choose": true,
    "id": 1718752203965
  },
  {
    "questionStatsId": 1718752203955,
    "value": "J.K. Rowling",
    "isCorrect": false,
    "choose": false,
    "id": 1718752203967
  },
  {
    "questionStatsId": 1718752203953,
    "value": "Lyon",
    "isCorrect": false,
    "choose": false,
    "id": 1718752203969
  },
  {
    "questionStatsId": 1718752203953,
    "value": "Marseille",
    "isCorrect": false,
    "choose": false,
    "id": 1718752203971
  },
  {
    "questionStatsId": 1718752203953,
    "value": "Lille",
    "isCorrect": false,
    "choose": false,
    "id": 1718752203974
  },
  {
    "questionStatsId": 1718752203957,
    "value": "H2O",
    "isCorrect": true,
    "choose": true,
    "id": 1718752203976
  },
  {
    "questionStatsId": 1718752203957,
    "value": "CO2",
    "isCorrect": false,
    "choose": false,
    "id": 1718752203978
  },
  {
    "questionStatsId": 1718752203957,
    "value": "O2",
    "isCorrect": false,
    "choose": false,
    "id": 1718752203980
  },
  {
    "questionStatsId": 1718752203957,
    "value": "N2",
    "isCorrect": false,
    "choose": false,
    "id": 1718752203982
  },
  {
    "questionStatsId": 1718752203955,
    "value": "George Orwell",
    "isCorrect": false,
    "choose": true,
    "id": 1718752203984
  },
  {
    "questionStatsId": 1718752203955,
    "value": "Antoine de Saint-Exupéry",
    "isCorrect": true,
    "choose": true,
    "id": 1718752203986
  },
  {
    "questionStatsId": 1718752203955,
    "value": "Victor Hugo",
    "isCorrect": false,
    "choose": false,
    "id": 1718752203988
  },
  {
    "questionStatsId": 1718752226021,
    "value": "Lyon",
    "isCorrect": false,
    "choose": true,
    "id": 1718752226034
  },
  {
    "questionStatsId": 1718752226021,
    "value": "Paris",
    "isCorrect": true,
    "choose": true,
    "id": 1718752226037
  },
  {
    "questionStatsId": 1718752226021,
    "value": "Marseille",
    "isCorrect": false,
    "choose": false,
    "id": 1718752226039
  },
  {
    "questionStatsId": 1718752226021,
    "value": "Lille",
    "isCorrect": false,
    "choose": false,
    "id": 1718752226042
  },
  {
    "questionStatsId": 1718752226024,
    "value": "George Orwell",
    "isCorrect": false,
    "choose": true,
    "id": 1718752226044
  },
  {
    "questionStatsId": 1718752226024,
    "value": "Antoine de Saint-Exupéry",
    "isCorrect": true,
    "choose": true,
    "id": 1718752226047
  },
  {
    "questionStatsId": 1718752226024,
    "value": "Victor Hugo",
    "isCorrect": false,
    "choose": false,
    "id": 1718752226050
  },
  {
    "questionStatsId": 1718752226024,
    "value": "J.K. Rowling",
    "isCorrect": false,
    "choose": false,
    "id": 1718752226052
  },
  {
    "questionStatsId": 1718752226026,
    "value": "H2O",
    "isCorrect": true,
    "choose": true,
    "id": 1718752226055
  },
  {
    "questionStatsId": 1718752226026,
    "value": "CO2",
    "isCorrect": false,
    "choose": false,
    "id": 1718752226057
  },
  {
    "questionStatsId": 1718752226026,
    "value": "O2",
    "isCorrect": false,
    "choose": false,
    "id": 1718752226059
  },
  {
    "questionStatsId": 1718752226026,
    "value": "N2",
    "isCorrect": false,
    "choose": false,
    "id": 1718752226061
  },
  {
    "questionStatsId": 1718752239386,
    "value": "Lyon",
    "isCorrect": false,
    "choose": true,
    "id": 1718752239404
  },
  {
    "questionStatsId": 1718752239392,
    "value": "O2",
    "isCorrect": false,
    "choose": false,
    "id": 1718752239406
  },
  {
    "questionStatsId": 1718752239392,
    "value": "H2O",
    "isCorrect": true,
    "choose": true,
    "id": 1718752239409
  },
  {
    "questionStatsId": 1718752239392,
    "value": "CO2",
    "isCorrect": false,
    "choose": false,
    "id": 1718752239412
  },
  {
    "questionStatsId": 1718752239386,
    "value": "Lille",
    "isCorrect": false,
    "choose": true,
    "id": 1718752239415
  },
  {
    "questionStatsId": 1718752239392,
    "value": "N2",
    "isCorrect": false,
    "choose": false,
    "id": 1718752239417
  },
  {
    "questionStatsId": 1718752239386,
    "value": "Paris",
    "isCorrect": true,
    "choose": true,
    "id": 1718752239419
  },
  {
    "questionStatsId": 1718752239386,
    "value": "Marseille",
    "isCorrect": false,
    "choose": false,
    "id": 1718752239422
  },
  {
    "questionStatsId": 1718752239390,
    "value": "Antoine de Saint-Exupéry",
    "isCorrect": true,
    "choose": true,
    "id": 1718752239426
  },
  {
    "questionStatsId": 1718752239390,
    "value": "Victor Hugo",
    "isCorrect": false,
    "choose": false,
    "id": 1718752239429
  },
  {
    "questionStatsId": 1718752239390,
    "value": "J.K. Rowling",
    "isCorrect": false,
    "choose": false,
    "id": 1718752239431
  },
  {
    "questionStatsId": 1718752239390,
    "value": "George Orwell",
    "isCorrect": false,
    "choose": false,
    "id": 1718752239434
  },
  {
    "questionStatsId": 1718752338411,
    "value": "Lyon",
    "isCorrect": false,
    "choose": true,
    "id": 1718752338427
  },
  {
    "questionStatsId": 1718752338413,
    "value": "George Orwell",
    "isCorrect": false,
    "choose": true,
    "id": 1718752338430
  },
  {
    "questionStatsId": 1718752338411,
    "value": "Paris",
    "isCorrect": true,
    "choose": true,
    "id": 1718752338433
  },
  {
    "questionStatsId": 1718752338413,
    "value": "J.K. Rowling",
    "isCorrect": false,
    "choose": true,
    "id": 1718752338436
  },
  {
    "questionStatsId": 1718752338413,
    "value": "Antoine de Saint-Exupéry",
    "isCorrect": true,
    "choose": true,
    "id": 1718752338440
  },
  {
    "questionStatsId": 1718752338413,
    "value": "Victor Hugo",
    "isCorrect": false,
    "choose": false,
    "id": 1718752338442
  },
  {
    "questionStatsId": 1718752338411,
    "value": "Lille",
    "isCorrect": false,
    "choose": false,
    "id": 1718752338447
  },
  {
    "questionStatsId": 1718752338411,
    "value": "Marseille",
    "isCorrect": false,
    "choose": false,
    "id": 1718752338449
  },
  {
    "questionStatsId": 1718752338415,
    "value": "H2O",
    "isCorrect": true,
    "choose": true,
    "id": 1718752338452
  },
  {
    "questionStatsId": 1718752338415,
    "value": "CO2",
    "isCorrect": false,
    "choose": false,
    "id": 1718752338455
  },
  {
    "questionStatsId": 1718752338415,
    "value": "O2",
    "isCorrect": false,
    "choose": false,
    "id": 1718752338459
  },
  {
    "questionStatsId": 1718752338415,
    "value": "N2",
    "isCorrect": false,
    "choose": false,
    "id": 1718752338461
  },
  {
    "questionStatsId": 1718752455821,
    "value": "Lyon",
    "isCorrect": false,
    "choose": true,
    "id": 1718752455831
  },
  {
    "questionStatsId": 1718752455821,
    "value": "Paris",
    "isCorrect": true,
    "choose": true,
    "id": 1718752455833
  },
  {
    "questionStatsId": 1718752455821,
    "value": "Marseille",
    "isCorrect": false,
    "choose": false,
    "id": 1718752455836
  },
  {
    "questionStatsId": 1718752455821,
    "value": "Lille",
    "isCorrect": false,
    "choose": false,
    "id": 1718752455838
  },
  {
    "questionStatsId": 1718752455822,
    "value": "Antoine de Saint-Exupéry",
    "isCorrect": true,
    "choose": true,
    "id": 1718752455841
  },
  {
    "questionStatsId": 1718752455822,
    "value": "J.K. Rowling",
    "isCorrect": false,
    "choose": false,
    "id": 1718752455843
  },
  {
    "questionStatsId": 1718752455822,
    "value": "George Orwell",
    "isCorrect": false,
    "choose": false,
    "id": 1718752455846
  },
  {
    "questionStatsId": 1718752455825,
    "value": "N2",
    "isCorrect": false,
    "choose": true,
    "id": 1718752455848
  },
  {
    "questionStatsId": 1718752455825,
    "value": "O2",
    "isCorrect": false,
    "choose": true,
    "id": 1718752455850
  },
  {
    "questionStatsId": 1718752455822,
    "value": "Victor Hugo",
    "isCorrect": false,
    "choose": false,
    "id": 1718752455855
  },
  {
    "questionStatsId": 1718752455825,
    "value": "CO2",
    "isCorrect": false,
    "choose": true,
    "id": 1718752455857
  },
  {
    "questionStatsId": 1718752455825,
    "value": "H2O",
    "isCorrect": true,
    "choose": true,
    "id": 1718752455860
  },
  {
    "questionStatsId": 1718752537311,
    "value": "Paris",
    "isCorrect": true,
    "choose": true,
    "id": 1718752537327
  },
  {
    "questionStatsId": 1718752537311,
    "value": "Lyon",
    "isCorrect": false,
    "choose": false,
    "id": 1718752537329
  },
  {
    "questionStatsId": 1718752537311,
    "value": "Marseille",
    "isCorrect": false,
    "choose": false,
    "id": 1718752537332
  },
  {
    "questionStatsId": 1718752537311,
    "value": "Lille",
    "isCorrect": false,
    "choose": false,
    "id": 1718752537335
  },
  {
    "questionStatsId": 1718752537316,
    "value": "George Orwell",
    "isCorrect": false,
    "choose": true,
    "id": 1718752537337
  },
  {
    "questionStatsId": 1718752537316,
    "value": "O2",
    "isCorrect": false,
    "choose": true,
    "id": 1718752537339
  },
  {
    "questionStatsId": 1718752537316,
    "value": "H2O",
    "isCorrect": true,
    "choose": true,
    "id": 1718752537342
  },
  {
    "questionStatsId": 1718752537316,
    "value": "CO2",
    "isCorrect": false,
    "choose": false,
    "id": 1718752537344
  },
  {
    "questionStatsId": 1718752537314,
    "value": "Antoine de Saint-Exupéry",
    "isCorrect": true,
    "choose": true,
    "id": 1718752537347
  },
  {
    "questionStatsId": 1718752537314,
    "value": "Victor Hugo",
    "isCorrect": false,
    "choose": false,
    "id": 1718752537350
  },
  {
    "questionStatsId": 1718752537314,
    "value": "J.K. Rowling",
    "isCorrect": false,
    "choose": false,
    "id": 1718752537354
  },
  {
    "questionStatsId": 1718752537314,
    "value": "George Orwell",
    "isCorrect": false,
    "choose": false,
    "id": 1718752537356
  },
  {
    "questionStatsId": 1718752553950,
    "value": "Lille",
    "isCorrect": false,
    "choose": true,
    "id": 1718752553971
  },
  {
    "questionStatsId": 1718752553950,
    "value": "Lyon",
    "isCorrect": false,
    "choose": true,
    "id": 1718752553974
  },
  {
    "questionStatsId": 1718752553950,
    "value": "Paris",
    "isCorrect": true,
    "choose": true,
    "id": 1718752553977
  },
  {
    "questionStatsId": 1718752553950,
    "value": "Marseille",
    "isCorrect": false,
    "choose": false,
    "id": 1718752553980
  },
  {
    "questionStatsId": 1718752553952,
    "value": "Antoine de Saint-Exupéry",
    "isCorrect": true,
    "choose": true,
    "id": 1718752553982
  },
  {
    "questionStatsId": 1718752553952,
    "value": "Victor Hugo",
    "isCorrect": false,
    "choose": false,
    "id": 1718752553985
  },
  {
    "questionStatsId": 1718752553952,
    "value": "J.K. Rowling",
    "isCorrect": false,
    "choose": false,
    "id": 1718752553988
  },
  {
    "questionStatsId": 1718752553952,
    "value": "George Orwell",
    "isCorrect": false,
    "choose": false,
    "id": 1718752553992
  },
  {
    "questionStatsId": 1718752553954,
    "value": "N2",
    "isCorrect": false,
    "choose": true,
    "id": 1718752553994
  },
  {
    "questionStatsId": 1718752553954,
    "value": "H2O",
    "isCorrect": true,
    "choose": true,
    "id": 1718752553998
  },
  {
    "questionStatsId": 1718752553954,
    "value": "CO2",
    "isCorrect": false,
    "choose": false,
    "id": 1718752554001
  },
  {
    "questionStatsId": 1718752553954,
    "value": "O2",
    "isCorrect": false,
    "choose": false,
    "id": 1718752554003
  }
]