[
  {
    "text": "Ceci est un indice",
    "questionId": 1715591832185,
    "id": 1715592001269
  },
  {
    "text": "Ceci est indice NTM",
    "questionId": 1715591826492,
    "id": 1715593076665
  },
  {
    "text": "NTM Les indices",
    "questionId": 1715594121554,
    "id": 1715594121556
  },
  {
    "questionId": 1718782660065,
    "image": "https://assets.tennismajors.com/uploads/sites/2/2021/04/Djokovic-OTD-04_01-1.jpg",
    "text": "Il est originaire de Belgrade en Serbie",
    "id": 1718782660142
  },
  {
    "questionId": 1718782660065,
    "image": "https://www.voici.fr/imgre/fit/~1~voi~2023~06~06~d6e8037c-789e-422f-abce-dbfa0cc29b0d.jpeg/1200x675/quality/80/novak-djokovic-quel-est-ce-mysterieux-patch-metallique-qu-il-porte-au-niveau-du-coeur.jpg",
    "text": "Il est originaire de Belgrade en Serbie\nIl atteint la première place mondiale pour la première fois le 4 juillet 2011",
    "id": 1718782660145
  },
  {
    "questionId": 1718782660071,
    "image": "https://d2dzi65yjecjnt.cloudfront.net/385930-6.jpg",
    "text": "Il prend place à Paris",
    "id": 1718782660158
  },
  {
    "questionId": 1718782660076,
    "image": "https://www.leparisien.fr/resizer/5zc4RhVLw02jprO4iMIw8d-AxGk=/932x582/cloudfront-eu-central-1.images.arcpublishing.com/leparisien/4HMAYUPB4BC3BOXLV5DO73G6II.jpg",
    "text": "Elle est née le 16 juillet 1942 à Albury",
    "id": 1718782660173
  },
  {
    "questionId": 1718782660076,
    "image": "https://library.sportingnews.com/styles/twitter_card_120x120/s3/2023-01/Margaret%20Court.jpg?itok=DsVH55ap",
    "id": 1718782660175
  },
  {
    "questionId": 1718782660079,
    "image": "https://www.wsp.com/-/media/project/global/image/bnr-arthur-ashe-stadium_property-and-building_sports-and-stadia.jpg",
    "text": "Il a été ouvert en 1997",
    "id": 1718782660186
  },
  {
    "questionId": 1718782660079,
    "text": "Il a été ouvert en 1997\nIl se situe aux États-Unis",
    "id": 1718782660188
  },
  {
    "questionId": 1718782660083,
    "text": "C'est la plus ancienne surface au tennis",
    "id": 1718782660201
  },
  {
    "questionId": 1718782660083,
    "text": "C'est la plus ancienne surface au tennis\nC'est une surface plus rapide que la terre battue",
    "id": 1718782660203
  },
  {
    "questionId": 1718782660089,
    "image": "https://images.tennis.com/image/private/t_16-9_1920/tenniscom-prd/akyzhtzwzs1b4jjpef8u.jpg",
    "text": "Il a remporté six titres du Grand Chelem ",
    "id": 1718782660213
  },
  {
    "questionId": 1718782660089,
    "image": "https://cdn0.scrvt.com/c2465e9022ba946df66d1244a69b1c75/9f0b02fb20287267/3be551472b0a/v/bcfd27130563/p_1993_0100_J2_016_o2.jpg",
    "id": 1718782660217
  },
  {
    "questionId": 1718782660095,
    "image": "https://media.ouest-france.fr/v1/pictures/MjAyMzAxMTQzMzk0MGVlYTlkYWVlMTY2OTUyZDgwY2U4NDgxZjg?width=1260&height=708&focuspoint=50%2C25&cropresize=1&client_id=bpeditorial&sign=5ba7ace6ed20f89f42dd95c3bcfe6dc900217cae69595b82a655948357549808",
    "text": " Il se joue sur gazon jusqu'en 1987, puis sur dur",
    "id": 1718782660228
  },
  {
    "questionId": 1718782660095,
    "text": " Il se joue sur gazon jusqu'en 1987, puis sur dur\nil se déroule à Melbourne en Australie",
    "id": 1718782660230
  },
  {
    "questionId": 1718784738470,
    "image": "https://www.leparisien.fr/resizer/augSKIXLcID4d9Zq_IBCuyORPLg=/932x582/arc-anglerfish-eu-central-1-prod-leparisien.s3.amazonaws.com/public/57Q5PJVGRRXX76U4IKESPW46FE.jpg",
    "text": "Il est né le 17 juin 1945",
    "id": 1718784738508
  },
  {
    "questionId": 1718784738470,
    "image": "https://www.lederailleur.fr/wp-content/uploads/2024/04/Eddy-Merckx-chez-lui-apres-avoir-subi-une-operation-intestinale.jpg",
    "text": "Il est né le 17 juin 1945\nIl est Belge",
    "id": 1718784738509
  },
  {
    "questionId": 1718784738474,
    "text": "On y voit souvent inscrit LCL",
    "id": 1718784738521
  },
  {
    "questionId": 1718784738476,
    "image": "https://climbfinder.com/CDN/col-du-tourmalet-luz-saint-sauveur-upload-13894-1024x0.jpeg",
    "text": "C'est un col de montagne des Pyrénées centrales françaises",
    "id": 1718784738528
  },
  {
    "questionId": 1718784738476,
    "image": "https://www.aquitaineonline.com/images/stories/Occitanie/Tour-de-france-col-tourmalet_01.jpg",
    "id": 1718784738529
  },
  {
    "questionId": 1718784738479,
    "image": "https://www.etsionvisitaitparis.com/f/francia/paris/guia/campos-eliseos.jpg",
    "id": 1718784738536
  },
  {
    "questionId": 1718784738482,
    "text": "Il est né le 28 avril 1980 à Gand\n Professionnel entre 2002 et 2016, il est spécialiste de la poursuite",
    "id": 1718784738549
  },
  {
    "questionId": 1718784738482,
    "image": "https://cdn-s-www.ledauphine.com/images/D00E7999-C4BA-4E1D-85D1-A461C7B7262E/NW_raw/vainqueur-du-tour-de-france-en-2012-bradley-wiggins-est-dans-une-situation-tres-difficile-archives-photo-le-dl-thierry-guillot-1718721049.jpg",
    "text": "Il est né le 28 avril 1980 à Gand",
    "id": 1718784738550
  },
  {
    "questionId": 1718784738482,
    "text": "Il est né le 28 avril 1980 à Gand Professionnel entre 2002 et 2016, il est spécialiste de la poursuite\nChampion du monde de poursuite individuelle (2003, 2007, 2008)",
    "id": 1718784738552
  },
  {
    "questionId": 1718786543845,
    "text": "Elle est aussi appelée lingue franche",
    "id": 1718786543886
  },
  {
    "questionId": 1718786543848,
    "image": "https://cdn.futura-sciences.com/sources/images/curcuma-bienfaits-vertus.jpg",
    "text": "Elle provient d'Asie du Sud",
    "id": 1718786543895
  },
  {
    "questionId": 1718786543848,
    "text": "Elle provient d'Asie du Sud\nElle tâche en donnant une couleur orange",
    "id": 1718786543897
  },
  {
    "questionId": 1718786543852,
    "image": "https://odelices.ouest-france.fr/images/recettes/pate-brisee-1.jpg",
    "text": "Sa préparation impose l'utilisation de beurre mou",
    "id": 1718786543902
  },
  {
    "questionId": 1718786543852,
    "text": "Sa préparation impose l'utilisation de beurre mou\nElle se caractérise par sa texture lisse et craquante",
    "id": 1718786543904
  },
  {
    "questionId": 1718786543854,
    "image": "https://philippe-etchebest.com/wp-content/uploads/2018/03/philippe-etchebest-concour-2-1-1200x900.jpg",
    "id": 1718786543910
  },
  {
    "questionId": 1718786543854,
    "image": "https://philippe-etchebest.com/wp-content/uploads/2020/10/philippe-etchebest-1200x675.jpg",
    "id": 1718786543911
  },
  {
    "questionId": 1718786543856,
    "image": "https://www.kimchi-passion.fr/img/cms/doenjang%20guk/DSC09262.JPG",
    "text": "C'est un ingrédient essentiel dans la cuisine coréenne",
    "id": 1718786543918
  },
  {
    "questionId": 1718786543856,
    "text": "C'est un ingrédient essentiel dans la cuisine coréenne\n Elle est fabriquée à partir de soja, de sel et d'eau",
    "id": 1718786543920
  },
  {
    "questionId": 1718786543859,
    "image": "https://files.meilleurduchef.com/mdc/photo/produit/mfe/fouet-cuisine/fouet-cuisine-1-main-650.jpg",
    "id": 1718786543927
  },
  {
    "questionId": 1718786543860,
    "image": "https://www.cdiscount.com/pdt2/5/5/7/4/700x700/tra1690240541557/rw/couteau-a-pain-dentele-23cm-allemand-acier-inoxyda.jpg",
    "text": "Il est plus généralement utilisé pour couper les aliments à croûte dure ou à peau épaisse",
    "id": 1718786543932
  },
  {
    "questionId": 1718788019358,
    "image": "https://www.neopoker.fr/wp-content/uploads/2013/02/rami-combinaisons.jpg",
    "id": 1718788019397
  },
  {
    "questionId": 1718788019358,
    "image": "https://jeuxdecartes1.e-monsite.com/medias/images/phase-10-image7-.png",
    "id": 1718788019398
  },
  {
    "questionId": 1718788019360,
    "image": "https://static.vecteezy.com/ti/vecteur-libre/p3/1269691-cartes-as-dans-une-rangee-gratuit-vectoriel.jpg",
    "id": 1718788019404
  },
  {
    "questionId": 1718788019363,
    "image": "https://previews.123rf.com/images/mudcauldron/mudcauldron2108/mudcauldron210800031/173549608-mains-de-personnes-dessin%C3%A9es-%C3%A0-la-main-organiques-tenant-une-carte-ou-quelque-chose-sans-l-objet.jpg",
    "id": 1718788019410
  },
  {
    "questionId": 1718788019365,
    "image": "https://www.guide-blackjack.com/wp-content/uploads/2021/01/blackjack-dealer.jpg",
    "text": "C'est un nombre pair",
    "id": 1718788019419
  },
  {
    "questionId": 1718788019367,
    "image": "https://img-3.journaldesfemmes.fr/6znN5vF6nAeqtU3F6260gYBk8EA=/1500x/smart/8c186f41e59e423baa68d6676a0d3663/ccmcms-jdf/11456393.jpg",
    "text": "Il y a généralement au nombre de 78 cartes",
    "id": 1718788019425
  },
  {
    "questionId": 1718788019367,
    "image": "https://www.letarot.net/images/oudlersbig.png",
    "id": 1718788019433
  },
  {
    "questionId": 1718788019368,
    "image": "https://t3.ftcdn.net/jpg/03/06/36/86/360_F_306368661_PA4b7k6ZAEj5iN0gM6llcBoeAXAp1gTH.jpg",
    "id": 1718788019449
  },
  {
    "questionId": 1718789611905,
    "image": "https://qph.cf2.quoracdn.net/main-qimg-d5287b7b8fed09ff4e6510bd92f38aeb-lq",
    "text": " Il s'étend sur 5 000 km d'Ouest en Est",
    "id": 1718789611946
  },
  {
    "questionId": 1718789611907,
    "image": "https://images.ctfassets.net/bth3mlrehms2/3xEhPuwynvvJFYElsr5DBh/d81bc6fbc15d53cc72440141aeb6126e/iStock-1135715079.jpg?w=2121&h=1414&fl=progressive&q=50&fm=jpg",
    "text": "Principalement situé dans le Wyoming, le parc s'étend également sur des parties du Montana et de l'Idaho",
    "id": 1718789611954
  },
  {
    "questionId": 1718789611907,
    "image": "https://i0.wp.com/hikesandtravels.com/wp-content/uploads/2021/03/screenshot_2017-03-08-00-28-57-11.png?fit=768%2C789&ssl=1",
    "text": "Principalement situé dans le Wyoming, le parc s'étend également sur des parties du Montana et de l'Idaho\nC'est une zone d'environ 9 000 km² surplombant un site géothermique volcanique",
    "id": 1718789611956
  },
  {
    "questionId": 1718789611909,
    "image": "https://static-cms.routard.com/web-routard/uploads/peroupop_1366984_a6533eacca.gif",
    "text": "C'est un pays d'Amérique du Sud couvrant une partie de la forêt amazonienne",
    "id": 1718789611963
  },
  {
    "questionId": 1718789611909,
    "image": "https://www.larousse.fr/encyclopedie/data/images/1009572-Drapeau_du_P%C3%A9rou.jpg",
    "id": 1718789611965
  },
  {
    "questionId": 1718789611911,
    "image": "https://upload.wikimedia.org/wikipedia/commons/thumb/c/c4/Pacific_Ocean_laea_relief_location_map.jpg/440px-Pacific_Ocean_laea_relief_location_map.jpg",
    "text": "Il comporte deux océans : le Pacifique Nord et le Pacifique Sud",
    "id": 1718789611972
  },
  {
    "questionId": 1718789611911,
    "text": "Il comporte deux océans : le Pacifique Nord et le Pacifique Sud\nIl couvre environ un tiers de la surface de la Terre",
    "id": 1718789611974
  },
  {
    "questionId": 1718789611914,
    "image": "https://www.voyageway.com/wp-content/uploads/2019/01/pass-venise.jpg",
    "text": "Elle occupe plus de 100 petites îles dans un lagon de la mer Adriatique",
    "id": 1718789611981
  },
  {
    "questionId": 1718789611916,
    "image": "https://upload.wikimedia.org/wikipedia/commons/thumb/8/82/Nepal_rel_location_map.svg/280px-Nepal_rel_location_map.svg.png",
    "text": "Il possède une altitude de 8 849 m",
    "id": 1718789611988
  },
  {
    "questionId": 1718789611916,
    "image": "https://encrypted-tbn0.gstatic.com/images?q=tbn:ANd9GcQRTfZPGXbaNT5vbAaHfmOZELIxiDKlVGUY6JhSN9XItf3RbjxutoXdPpTtckSRU-_Cgdg&usqp=CAU",
    "text": "Il possède une altitude de 8 849 m\nIl est situé dans la chaîne de l'Himalaya",
    "id": 1718789611990
  },
  {
    "questionId": 1718789611918,
    "image": "https://media-api.xogrp.com/images/2210a14a-0079-48f2-b5bc-021626840af0~rs_768.h",
    "text": " Elle suit la côte pacifique",
    "id": 1718789611996
  },
  {
    "questionId": 1718789611918,
    "image": "https://encrypted-tbn0.gstatic.com/images?q=tbn:ANd9GcQbgBdDnSBnNKE3JSLmiF4wqJ_jXo1z5Z4j7XxcojGhoiTOY5qCx1mvxx5ufpakvu9ljTw&usqp=CAU",
    "text": " Elle suit la côte pacifique\nElles est aussi appelée Highway 1",
    "id": 1718789611998
  }
]