[
  {
    "quizStatsId": 1718747385878,
    "question": "Quelle est la capitale de la France ?",
    "timeMinutes": 0,
    "timeSeconds": -1,
    "numberOfCluesUsed": 0,
    "numberOfBadAnswers": 0,
    "id": 1718747385888
  },
  {
    "quizStatsId": 1718747385878,
    "question": "Qui a écrit 'Le Petit Prince' ?",
    "timeMinutes": 0,
    "timeSeconds": 2,
    "numberOfCluesUsed": 0,
    "numberOfBadAnswers": 0,
    "id": 1718747385891
  },
  {
    "quizStatsId": 1718747385878,
    "question": "Quelle est la formule chimique de l'eau ?",
    "timeMinutes": 0,
    "timeSeconds": -1,
    "numberOfCluesUsed": 1,
    "numberOfBadAnswers": 0,
    "id": 1718747385893
  },
  {
    "quizStatsId": 1718747405236,
    "question": "Quelle est la capitale de la France ?",
    "timeMinutes": 0,
    "timeSeconds": 0,
    "numberOfCluesUsed": 1,
    "numberOfBadAnswers": 1,
    "id": 1718747405246
  },
  {
    "quizStatsId": 1718747405236,
    "question": "Qui a écrit 'Le Petit Prince' ?",
    "timeMinutes": 0,
    "timeSeconds": -1,
    "numberOfCluesUsed": 0,
    "numberOfBadAnswers": 0,
    "id": 1718747405249
  },
  {
    "quizStatsId": 1718747405236,
    "question": "Quelle est la formule chimique de l'eau ?",
    "timeMinutes": 0,
    "timeSeconds": 0,
    "numberOfCluesUsed": 2,
    "numberOfBadAnswers": 1,
    "id": 1718747405251
  },
  {
    "quizStatsId": 1718747419110,
    "question": "Quelle est la capitale de la France ?",
    "timeMinutes": 0,
    "timeSeconds": -1,
    "numberOfCluesUsed": 0,
    "numberOfBadAnswers": 0,
    "id": 1718747419122
  },
  {
    "quizStatsId": 1718747419110,
    "question": "Qui a écrit 'Le Petit Prince' ?",
    "timeMinutes": 0,
    "timeSeconds": -1,
    "numberOfCluesUsed": 0,
    "numberOfBadAnswers": 0,
    "id": 1718747419124
  },
  {
    "quizStatsId": 1718747419110,
    "question": "Quelle est la formule chimique de l'eau ?",
    "timeMinutes": 0,
    "timeSeconds": -1,
    "numberOfCluesUsed": 1,
    "numberOfBadAnswers": 0,
    "id": 1718747419126
  },
  {
    "quizStatsId": 1718747431403,
    "question": "Quelle est la capitale de la France ?",
    "timeMinutes": 0,
    "timeSeconds": 0,
    "numberOfCluesUsed": 0,
    "numberOfBadAnswers": 0,
    "id": 1718747431413
  },
  {
    "quizStatsId": 1718747431403,
    "question": "Qui a écrit 'Le Petit Prince' ?",
    "timeMinutes": 0,
    "timeSeconds": -1,
    "numberOfCluesUsed": 0,
    "numberOfBadAnswers": 0,
    "id": 1718747431416
  },
  {
    "quizStatsId": 1718747431403,
    "question": "Quelle est la formule chimique de l'eau ?",
    "timeMinutes": 0,
    "timeSeconds": -1,
    "numberOfCluesUsed": 1,
    "numberOfBadAnswers": 0,
    "id": 1718747431417
  },
  {
    "quizStatsId": 1718747675897,
    "question": "Quelle est la capitale de la France ?",
    "timeMinutes": 0,
    "timeSeconds": -1,
    "numberOfCluesUsed": 0,
    "numberOfBadAnswers": 0,
    "id": 1718747675910
  },
  {
    "quizStatsId": 1718747675897,
    "question": "Qui a écrit 'Le Petit Prince' ?",
    "timeMinutes": 0,
    "timeSeconds": -1,
    "numberOfCluesUsed": 0,
    "numberOfBadAnswers": 0,
    "id": 1718747675912
  },
  {
    "quizStatsId": 1718747675897,
    "question": "Quelle est la formule chimique de l'eau ?",
    "timeMinutes": 0,
    "timeSeconds": -1,
    "numberOfCluesUsed": 1,
    "numberOfBadAnswers": 0,
    "id": 1718747675914
  },
  {
    "quizStatsId": 1718747691027,
    "question": "Quelle est la capitale de la France ?",
    "timeMinutes": 0,
    "timeSeconds": -1,
    "numberOfCluesUsed": 0,
    "numberOfBadAnswers": 0,
    "id": 1718747691042
  },
  {
    "quizStatsId": 1718747691027,
    "question": "Qui a écrit 'Le Petit Prince' ?",
    "timeMinutes": 0,
    "timeSeconds": -1,
    "numberOfCluesUsed": 0,
    "numberOfBadAnswers": 0,
    "id": 1718747691044
  },
  {
    "quizStatsId": 1718747691027,
    "question": "Quelle est la formule chimique de l'eau ?",
    "timeMinutes": 0,
    "timeSeconds": -1,
    "numberOfCluesUsed": 1,
    "numberOfBadAnswers": 0,
    "id": 1718747691045
  },
  {
    "quizStatsId": 1718747715813,
    "question": "Quelle est la capitale de la France ?",
    "timeMinutes": 0,
    "timeSeconds": 0,
    "numberOfCluesUsed": 0,
    "numberOfBadAnswers": 0,
    "id": 1718747715824
  },
  {
    "quizStatsId": 1718747715813,
    "question": "Qui a écrit 'Le Petit Prince' ?",
    "timeMinutes": 0,
    "timeSeconds": -1,
    "numberOfCluesUsed": 0,
    "numberOfBadAnswers": 0,
    "id": 1718747715826
  },
  {
    "quizStatsId": 1718747715813,
    "question": "Quelle est la formule chimique de l'eau ?",
    "timeMinutes": 0,
    "timeSeconds": -1,
    "numberOfCluesUsed": 1,
    "numberOfBadAnswers": 0,
    "id": 1718747715827
  },
  {
    "quizStatsId": 1718747734617,
    "question": "Quelle est la capitale de la France ?",
    "timeMinutes": 0,
    "timeSeconds": -1,
    "numberOfCluesUsed": 0,
    "numberOfBadAnswers": 0,
    "id": 1718747734627
  },
  {
    "quizStatsId": 1718747734617,
    "question": "Qui a écrit 'Le Petit Prince' ?",
    "timeMinutes": 0,
    "timeSeconds": -1,
    "numberOfCluesUsed": 0,
    "numberOfBadAnswers": 0,
    "id": 1718747734628
  },
  {
    "quizStatsId": 1718747734617,
    "question": "Quelle est la formule chimique de l'eau ?",
    "timeMinutes": 0,
    "timeSeconds": 0,
    "numberOfCluesUsed": 1,
    "numberOfBadAnswers": 0,
    "id": 1718747734630
  },
  {
    "quizStatsId": 1718748248429,
    "question": "Quelle est la capitale de la France ?",
    "timeMinutes": 0,
    "timeSeconds": -1,
    "numberOfCluesUsed": 0,
    "numberOfBadAnswers": 0,
    "id": 1718748248442
  },
  {
    "quizStatsId": 1718748248429,
    "question": "Quelle est la formule chimique de l'eau ?",
    "timeMinutes": 0,
    "timeSeconds": 0,
    "numberOfCluesUsed": 2,
    "numberOfBadAnswers": 1,
    "id": 1718748248444
  },
  {
    "quizStatsId": 1718748248429,
    "question": "Qui a écrit 'Le Petit Prince' ?",
    "timeMinutes": 0,
    "timeSeconds": -1,
    "numberOfCluesUsed": 0,
    "numberOfBadAnswers": 0,
    "id": 1718748248445
  },
  {
    "quizStatsId": 1718748261415,
    "question": "Quelle est la capitale de la France ?",
    "timeMinutes": 0,
    "timeSeconds": -1,
    "numberOfCluesUsed": 0,
    "numberOfBadAnswers": 0,
    "id": 1718748261429
  },
  {
    "quizStatsId": 1718748261415,
    "question": "Qui a écrit 'Le Petit Prince' ?",
    "timeMinutes": 0,
    "timeSeconds": -1,
    "numberOfCluesUsed": 0,
    "numberOfBadAnswers": 0,
    "id": 1718748261430
  },
  {
    "quizStatsId": 1718748261415,
    "question": "Quelle est la formule chimique de l'eau ?",
    "timeMinutes": 0,
    "timeSeconds": -1,
    "numberOfCluesUsed": 1,
    "numberOfBadAnswers": 0,
    "id": 1718748261431
  },
  {
    "quizStatsId": 1718748275625,
    "question": "Quelle est la capitale de la France ?",
    "timeMinutes": 0,
    "timeSeconds": -1,
    "numberOfCluesUsed": 0,
    "numberOfBadAnswers": 0,
    "id": 1718748275639
  },
  {
    "quizStatsId": 1718748275625,
    "question": "Qui a écrit 'Le Petit Prince' ?",
    "timeMinutes": 0,
    "timeSeconds": -1,
    "numberOfCluesUsed": 0,
    "numberOfBadAnswers": 0,
    "id": 1718748275641
  },
  {
    "quizStatsId": 1718748275625,
    "question": "Quelle est la formule chimique de l'eau ?",
    "timeMinutes": 0,
    "timeSeconds": -1,
    "numberOfCluesUsed": 1,
    "numberOfBadAnswers": 0,
    "id": 1718748275643
  },
  {
    "quizStatsId": 1718748288050,
    "question": "Quelle est la capitale de la France ?",
    "timeMinutes": 0,
    "timeSeconds": -1,
    "numberOfCluesUsed": 0,
    "numberOfBadAnswers": 0,
    "id": 1718748288058
  },
  {
    "quizStatsId": 1718748288050,
    "question": "Qui a écrit 'Le Petit Prince' ?",
    "timeMinutes": 0,
    "timeSeconds": 0,
    "numberOfCluesUsed": 0,
    "numberOfBadAnswers": 1,
    "id": 1718748288060
  },
  {
    "quizStatsId": 1718748288050,
    "question": "Quelle est la formule chimique de l'eau ?",
    "timeMinutes": 0,
    "timeSeconds": 1,
    "numberOfCluesUsed": 2,
    "numberOfBadAnswers": 1,
    "id": 1718748288062
  },
  {
    "quizStatsId": 1718749008400,
    "question": "Quelle est la capitale de la France ?",
    "timeMinutes": 0,
    "timeSeconds": 1,
    "numberOfCluesUsed": 1,
    "numberOfBadAnswers": 1,
    "id": 1718749008414
  },
  {
    "quizStatsId": 1718749008400,
    "question": "Qui a écrit 'Le Petit Prince' ?",
    "timeMinutes": 0,
    "timeSeconds": -1,
    "numberOfCluesUsed": 0,
    "numberOfBadAnswers": 0,
    "id": 1718749008418
  },
  {
    "quizStatsId": 1718749008400,
    "question": "Quelle est la formule chimique de l'eau ?",
    "timeMinutes": 0,
    "timeSeconds": -1,
    "numberOfCluesUsed": 1,
    "numberOfBadAnswers": 0,
    "id": 1718749008419
  },
  {
    "quizStatsId": 1718749022705,
    "question": "Quelle est la capitale de la France ?",
    "timeMinutes": 0,
    "timeSeconds": -1,
    "numberOfCluesUsed": 0,
    "numberOfBadAnswers": 0,
    "id": 1718749022713
  },
  {
    "quizStatsId": 1718749022705,
    "question": "Qui a écrit 'Le Petit Prince' ?",
    "timeMinutes": 0,
    "timeSeconds": -1,
    "numberOfCluesUsed": 0,
    "numberOfBadAnswers": 0,
    "id": 1718749022714
  },
  {
    "quizStatsId": 1718749022705,
    "question": "Quelle est la formule chimique de l'eau ?",
    "timeMinutes": 0,
    "timeSeconds": 0,
    "numberOfCluesUsed": 2,
    "numberOfBadAnswers": 1,
    "id": 1718749022715
  },
  {
    "quizStatsId": 1718749037597,
    "question": "Quelle est la capitale de la France ?",
    "timeMinutes": 0,
    "timeSeconds": -1,
    "numberOfCluesUsed": 1,
    "numberOfBadAnswers": 1,
    "id": 1718749037605
  },
  {
    "quizStatsId": 1718749037597,
    "question": "Qui a écrit 'Le Petit Prince' ?",
    "timeMinutes": 0,
    "timeSeconds": -1,
    "numberOfCluesUsed": 0,
    "numberOfBadAnswers": 0,
    "id": 1718749037607
  },
  {
    "quizStatsId": 1718749037597,
    "question": "Quelle est la formule chimique de l'eau ?",
    "timeMinutes": 0,
    "timeSeconds": -1,
    "numberOfCluesUsed": 1,
    "numberOfBadAnswers": 0,
    "id": 1718749037608
  },
  {
    "quizStatsId": 1718749058093,
    "question": "Quelle est la capitale de la France ?",
    "timeMinutes": 0,
    "timeSeconds": 0,
    "numberOfCluesUsed": 0,
    "numberOfBadAnswers": 0,
    "id": 1718749058105
  },
  {
    "quizStatsId": 1718749058093,
    "question": "Qui a écrit 'Le Petit Prince' ?",
    "timeMinutes": 0,
    "timeSeconds": -1,
    "numberOfCluesUsed": 0,
    "numberOfBadAnswers": 0,
    "id": 1718749058107
  },
  {
    "quizStatsId": 1718749058093,
    "question": "Quelle est la formule chimique de l'eau ?",
    "timeMinutes": 0,
    "timeSeconds": -1,
    "numberOfCluesUsed": 1,
    "numberOfBadAnswers": 0,
    "id": 1718749058108
  },
  {
    "quizStatsId": 1718749085630,
    "question": "Quelle est la capitale de la France ?",
    "timeMinutes": 0,
    "timeSeconds": -1,
    "numberOfCluesUsed": 0,
    "numberOfBadAnswers": 0,
    "id": 1718749085644
  },
  {
    "quizStatsId": 1718749085630,
    "question": "Qui a écrit 'Le Petit Prince' ?",
    "timeMinutes": 0,
    "timeSeconds": -1,
    "numberOfCluesUsed": 0,
    "numberOfBadAnswers": 0,
    "id": 1718749085646
  },
  {
    "quizStatsId": 1718749085630,
    "question": "Quelle est la formule chimique de l'eau ?",
    "timeMinutes": 0,
    "timeSeconds": 0,
    "numberOfCluesUsed": 1,
    "numberOfBadAnswers": 0,
    "id": 1718749085647
  },
  {
    "quizStatsId": 1718749111269,
    "question": "Quelle est la capitale de la France ?",
    "timeMinutes": 0,
    "timeSeconds": -1,
    "numberOfCluesUsed": 0,
    "numberOfBadAnswers": 0,
    "id": 1718749111286
  },
  {
    "quizStatsId": 1718749111269,
    "question": "Qui a écrit 'Le Petit Prince' ?",
    "timeMinutes": 0,
    "timeSeconds": -1,
    "numberOfCluesUsed": 0,
    "numberOfBadAnswers": 0,
    "id": 1718749111288
  },
  {
    "quizStatsId": 1718749111269,
    "question": "Quelle est la formule chimique de l'eau ?",
    "timeMinutes": 0,
    "timeSeconds": -1,
    "numberOfCluesUsed": 1,
    "numberOfBadAnswers": 0,
    "id": 1718749111290
  },
  {
    "quizStatsId": 1718749139000,
    "question": "Quelle est la capitale de la France ?",
    "timeMinutes": 0,
    "timeSeconds": 0,
    "numberOfCluesUsed": 0,
    "numberOfBadAnswers": 0,
    "id": 1718749139016
  },
  {
    "quizStatsId": 1718749139000,
    "question": "Qui a écrit 'Le Petit Prince' ?",
    "timeMinutes": 0,
    "timeSeconds": 0,
    "numberOfCluesUsed": 0,
    "numberOfBadAnswers": 0,
    "id": 1718749139018
  },
  {
    "quizStatsId": 1718749139000,
    "question": "Quelle est la formule chimique de l'eau ?",
    "timeMinutes": 0,
    "timeSeconds": -1,
    "numberOfCluesUsed": 1,
    "numberOfBadAnswers": 0,
    "id": 1718749139019
  },
  {
    "quizStatsId": 1718749175286,
    "question": "Quelle est la capitale de la France ?",
    "timeMinutes": 0,
    "timeSeconds": -1,
    "numberOfCluesUsed": 0,
    "numberOfBadAnswers": 0,
    "id": 1718749175307
  },
  {
    "quizStatsId": 1718749175286,
    "question": "Qui a écrit 'Le Petit Prince' ?",
    "timeMinutes": 0,
    "timeSeconds": -1,
    "numberOfCluesUsed": 0,
    "numberOfBadAnswers": 0,
    "id": 1718749175309
  },
  {
    "quizStatsId": 1718749175286,
    "question": "Quelle est la formule chimique de l'eau ?",
    "timeMinutes": 0,
    "timeSeconds": -1,
    "numberOfCluesUsed": 1,
    "numberOfBadAnswers": 0,
    "id": 1718749175311
  },
  {
    "quizStatsId": 1718749207566,
    "question": "Quelle est la capitale de la France ?",
    "timeMinutes": 0,
    "timeSeconds": -1,
    "numberOfCluesUsed": 1,
    "numberOfBadAnswers": 1,
    "id": 1718749207585
  },
  {
    "quizStatsId": 1718749207566,
    "question": "Qui a écrit 'Le Petit Prince' ?",
    "timeMinutes": 0,
    "timeSeconds": 0,
    "numberOfCluesUsed": 0,
    "numberOfBadAnswers": 1,
    "id": 1718749207586
  },
  {
    "quizStatsId": 1718749207566,
    "question": "Quelle est la formule chimique de l'eau ?",
    "timeMinutes": 0,
    "timeSeconds": 0,
    "numberOfCluesUsed": 2,
    "numberOfBadAnswers": 1,
    "id": 1718749207588
  },
  {
    "quizStatsId": 1718749249328,
    "question": "Quelle est la capitale de la France ?",
    "timeMinutes": 0,
    "timeSeconds": 0,
    "numberOfCluesUsed": 0,
    "numberOfBadAnswers": 0,
    "id": 1718749249353
  },
  {
    "quizStatsId": 1718749249328,
    "question": "Qui a écrit 'Le Petit Prince' ?",
    "timeMinutes": 0,
    "timeSeconds": 0,
    "numberOfCluesUsed": 0,
    "numberOfBadAnswers": 0,
    "id": 1718749249354
  },
  {
    "quizStatsId": 1718749249328,
    "question": "Quelle est la formule chimique de l'eau ?",
    "timeMinutes": 0,
    "timeSeconds": 0,
    "numberOfCluesUsed": 1,
    "numberOfBadAnswers": 0,
    "id": 1718749249356
  },
  {
    "quizStatsId": 1718749267789,
    "question": "Quelle est la capitale de la France ?",
    "timeMinutes": 0,
    "timeSeconds": -1,
    "numberOfCluesUsed": 0,
    "numberOfBadAnswers": 0,
    "id": 1718749267818
  },
  {
    "quizStatsId": 1718749267789,
    "question": "Qui a écrit 'Le Petit Prince' ?",
    "timeMinutes": 0,
    "timeSeconds": -1,
    "numberOfCluesUsed": 0,
    "numberOfBadAnswers": 0,
    "id": 1718749267820
  },
  {
    "quizStatsId": 1718749267789,
    "question": "Quelle est la formule chimique de l'eau ?",
    "timeMinutes": 0,
    "timeSeconds": -1,
    "numberOfCluesUsed": 1,
    "numberOfBadAnswers": 0,
    "id": 1718749267821
  },
  {
    "quizStatsId": 1718749296843,
    "question": "Quelle est la capitale de la France ?",
    "timeMinutes": 0,
    "timeSeconds": -1,
    "numberOfCluesUsed": 0,
    "numberOfBadAnswers": 0,
    "id": 1718749296871
  },
  {
    "quizStatsId": 1718749296843,
    "question": "Qui a écrit 'Le Petit Prince' ?",
    "timeMinutes": 0,
    "timeSeconds": 0,
    "numberOfCluesUsed": 0,
    "numberOfBadAnswers": 0,
    "id": 1718749296873
  },
  {
    "quizStatsId": 1718749296843,
    "question": "Quelle est la formule chimique de l'eau ?",
    "timeMinutes": 0,
    "timeSeconds": 0,
    "numberOfCluesUsed": 1,
    "numberOfBadAnswers": 0,
    "id": 1718749296874
  },
  {
    "quizStatsId": 1718749873167,
    "question": "Quelle est la capitale de la France ?",
    "timeMinutes": 0,
    "timeSeconds": -1,
    "numberOfCluesUsed": 0,
    "numberOfBadAnswers": 0,
    "id": 1718749873175
  },
  {
    "quizStatsId": 1718749873167,
    "question": "Qui a écrit 'Le Petit Prince' ?",
    "timeMinutes": 0,
    "timeSeconds": -1,
    "numberOfCluesUsed": 0,
    "numberOfBadAnswers": 0,
    "id": 1718749873177
  },
  {
    "quizStatsId": 1718749873167,
    "question": "Quelle est la formule chimique de l'eau ?",
    "timeMinutes": 0,
    "timeSeconds": -1,
    "numberOfCluesUsed": 2,
    "numberOfBadAnswers": 3,
    "id": 1718749873179
  },
  {
    "quizStatsId": 1718749914428,
    "question": "Quelle est la capitale de la France ?",
    "timeMinutes": 0,
    "timeSeconds": -1,
    "numberOfCluesUsed": 2,
    "numberOfBadAnswers": 2,
    "id": 1718749914438
  },
  {
    "quizStatsId": 1718749914428,
    "question": "Qui a écrit 'Le Petit Prince' ?",
    "timeMinutes": 0,
    "timeSeconds": -1,
    "numberOfCluesUsed": 2,
    "numberOfBadAnswers": 3,
    "id": 1718749914439
  },
  {
    "quizStatsId": 1718749914428,
    "question": "Quelle est la formule chimique de l'eau ?",
    "timeMinutes": 0,
    "timeSeconds": -1,
    "numberOfCluesUsed": 2,
    "numberOfBadAnswers": 3,
    "id": 1718749914441
  },
  {
    "quizStatsId": 1718749947269,
    "question": "Quelle est la capitale de la France ?",
    "timeMinutes": 0,
    "timeSeconds": -1,
    "numberOfCluesUsed": 2,
    "numberOfBadAnswers": 3,
    "id": 1718749947280
  },
  {
    "quizStatsId": 1718749947269,
    "question": "Qui a écrit 'Le Petit Prince' ?",
    "timeMinutes": 0,
    "timeSeconds": -1,
    "numberOfCluesUsed": 2,
    "numberOfBadAnswers": 3,
    "id": 1718749947282
  },
  {
    "quizStatsId": 1718749947269,
    "question": "Quelle est la formule chimique de l'eau ?",
    "timeMinutes": 0,
    "timeSeconds": -1,
    "numberOfCluesUsed": 2,
    "numberOfBadAnswers": 3,
    "id": 1718749947284
  },
  {
    "quizStatsId": 1718749969045,
    "question": "Quelle est la capitale de la France ?",
    "timeMinutes": 0,
    "timeSeconds": -1,
    "numberOfCluesUsed": 0,
    "numberOfBadAnswers": 0,
    "id": 1718749969058
  },
  {
    "quizStatsId": 1718749969045,
    "question": "Qui a écrit 'Le Petit Prince' ?",
    "timeMinutes": 0,
    "timeSeconds": -1,
    "numberOfCluesUsed": 0,
    "numberOfBadAnswers": 0,
    "id": 1718749969059
  },
  {
    "quizStatsId": 1718749969045,
    "question": "Quelle est la formule chimique de l'eau ?",
    "timeMinutes": 0,
    "timeSeconds": -1,
    "numberOfCluesUsed": 2,
    "numberOfBadAnswers": 3,
    "id": 1718749969061
  },
  {
    "quizStatsId": 1718750011020,
    "question": "Quelle est la capitale de la France ?",
    "timeMinutes": 0,
    "timeSeconds": 0,
    "numberOfCluesUsed": 1,
    "numberOfBadAnswers": 1,
    "id": 1718750011032
  },
  {
    "quizStatsId": 1718750011020,
    "question": "Qui a écrit 'Le Petit Prince' ?",
    "timeMinutes": 0,
    "timeSeconds": -1,
    "numberOfCluesUsed": 1,
    "numberOfBadAnswers": 1,
    "id": 1718750011034
  },
  {
    "quizStatsId": 1718750011020,
    "question": "Quelle est la formule chimique de l'eau ?",
    "timeMinutes": 0,
    "timeSeconds": 1,
    "numberOfCluesUsed": 1,
    "numberOfBadAnswers": 0,
    "id": 1718750011036
  },
  {
    "quizStatsId": 1718750044953,
    "question": "Quelle est la capitale de la France ?",
    "timeMinutes": 0,
    "timeSeconds": -1,
    "numberOfCluesUsed": 2,
    "numberOfBadAnswers": 3,
    "id": 1718750044967
  },
  {
    "quizStatsId": 1718750044953,
    "question": "Qui a écrit 'Le Petit Prince' ?",
    "timeMinutes": 0,
    "timeSeconds": -1,
    "numberOfCluesUsed": 2,
    "numberOfBadAnswers": 3,
    "id": 1718750044968
  },
  {
    "quizStatsId": 1718750044953,
    "question": "Quelle est la formule chimique de l'eau ?",
    "timeMinutes": 0,
    "timeSeconds": -1,
    "numberOfCluesUsed": 2,
    "numberOfBadAnswers": 3,
    "id": 1718750044970
  },
  {
    "quizStatsId": 1718750109134,
    "question": "Quelle est la capitale de la France ?",
    "timeMinutes": 0,
    "timeSeconds": 1,
    "numberOfCluesUsed": 1,
    "numberOfBadAnswers": 1,
    "id": 1718750109149
  },
  {
    "quizStatsId": 1718750109134,
    "question": "Qui a écrit 'Le Petit Prince' ?",
    "timeMinutes": 0,
    "timeSeconds": 0,
    "numberOfCluesUsed": 2,
    "numberOfBadAnswers": 2,
    "id": 1718750109151
  },
  {
    "quizStatsId": 1718750109134,
    "question": "Quelle est la formule chimique de l'eau ?",
    "timeMinutes": 0,
    "timeSeconds": -1,
    "numberOfCluesUsed": 2,
    "numberOfBadAnswers": 3,
    "id": 1718750109153
  },
  {
    "quizStatsId": 1718750127954,
    "question": "Quelle est la capitale de la France ?",
    "timeMinutes": 0,
    "timeSeconds": 0,
    "numberOfCluesUsed": 0,
    "numberOfBadAnswers": 0,
    "id": 1718750127971
  },
  {
    "quizStatsId": 1718750127954,
    "question": "Qui a écrit 'Le Petit Prince' ?",
    "timeMinutes": 0,
    "timeSeconds": -1,
    "numberOfCluesUsed": 2,
    "numberOfBadAnswers": 2,
    "id": 1718750127973
  },
  {
    "quizStatsId": 1718750127954,
    "question": "Quelle est la formule chimique de l'eau ?",
    "timeMinutes": 0,
    "timeSeconds": -1,
    "numberOfCluesUsed": 2,
    "numberOfBadAnswers": 2,
    "id": 1718750127974
  },
  {
    "quizStatsId": 1718752203943,
    "question": "Quelle est la capitale de la France ?",
    "timeMinutes": 0,
    "timeSeconds": -1,
    "numberOfCluesUsed": 0,
    "numberOfBadAnswers": 0,
    "id": 1718752203953
  },
  {
    "quizStatsId": 1718752203943,
    "question": "Qui a écrit 'Le Petit Prince' ?",
    "timeMinutes": 0,
    "timeSeconds": -1,
    "numberOfCluesUsed": 1,
    "numberOfBadAnswers": 1,
    "id": 1718752203955
  },
  {
    "quizStatsId": 1718752203943,
    "question": "Quelle est la formule chimique de l'eau ?",
    "timeMinutes": 0,
    "timeSeconds": 0,
    "numberOfCluesUsed": 1,
    "numberOfBadAnswers": 0,
    "id": 1718752203957
  },
  {
    "quizStatsId": 1718752226011,
    "question": "Quelle est la capitale de la France ?",
    "timeMinutes": 0,
    "timeSeconds": -1,
    "numberOfCluesUsed": 2,
    "numberOfBadAnswers": 1,
    "id": 1718752226021
  },
  {
    "quizStatsId": 1718752226011,
    "question": "Qui a écrit 'Le Petit Prince' ?",
    "timeMinutes": 0,
    "timeSeconds": 0,
    "numberOfCluesUsed": 0,
    "numberOfBadAnswers": 1,
    "id": 1718752226024
  },
  {
    "quizStatsId": 1718752226011,
    "question": "Quelle est la formule chimique de l'eau ?",
    "timeMinutes": 0,
    "timeSeconds": 1,
    "numberOfCluesUsed": 2,
    "numberOfBadAnswers": 0,
    "id": 1718752226026
  },
  {
    "quizStatsId": 1718752239377,
    "question": "Quelle est la capitale de la France ?",
    "timeMinutes": 0,
    "timeSeconds": -1,
    "numberOfCluesUsed": 2,
    "numberOfBadAnswers": 2,
    "id": 1718752239386
  },
  {
    "quizStatsId": 1718752239377,
    "question": "Qui a écrit 'Le Petit Prince' ?",
    "timeMinutes": 0,
    "timeSeconds": 0,
    "numberOfCluesUsed": 1,
    "numberOfBadAnswers": 0,
    "id": 1718752239390
  },
  {
    "quizStatsId": 1718752239377,
    "question": "Quelle est la formule chimique de l'eau ?",
    "timeMinutes": 0,
    "timeSeconds": -1,
    "numberOfCluesUsed": 1,
    "numberOfBadAnswers": 0,
    "id": 1718752239392
  },
  {
    "quizStatsId": 1718752338396,
    "question": "Quelle est la capitale de la France ?",
    "timeMinutes": 0,
    "timeSeconds": -1,
    "numberOfCluesUsed": 2,
    "numberOfBadAnswers": 1,
    "id": 1718752338411
  },
  {
    "quizStatsId": 1718752338396,
    "question": "Qui a écrit 'Le Petit Prince' ?",
    "timeMinutes": 0,
    "timeSeconds": -1,
    "numberOfCluesUsed": 1,
    "numberOfBadAnswers": 2,
    "id": 1718752338413
  },
  {
    "quizStatsId": 1718752338396,
    "question": "Quelle est la formule chimique de l'eau ?",
    "timeMinutes": 0,
    "timeSeconds": 15,
    "numberOfCluesUsed": 2,
    "numberOfBadAnswers": 0,
    "id": 1718752338415
  },
  {
    "quizStatsId": 1718752455808,
    "question": "Quelle est la capitale de la France ?",
    "timeMinutes": 0,
    "timeSeconds": 1,
    "numberOfCluesUsed": 2,
    "numberOfBadAnswers": 1,
    "id": 1718752455821
  },
  {
    "quizStatsId": 1718752455808,
    "question": "Qui a écrit 'Le Petit Prince' ?",
    "timeMinutes": 0,
    "timeSeconds": 0,
    "numberOfCluesUsed": 0,
    "numberOfBadAnswers": 0,
    "id": 1718752455822
  },
  {
    "quizStatsId": 1718752455808,
    "question": "Quelle est la formule chimique de l'eau ?",
    "timeMinutes": 0,
    "timeSeconds": -1,
    "numberOfCluesUsed": 2,
    "numberOfBadAnswers": 3,
    "id": 1718752455825
  },
  {
    "quizStatsId": 1718752537301,
    "question": "Quelle est la capitale de la France ?",
    "timeMinutes": 0,
    "timeSeconds": -1,
    "numberOfCluesUsed": 0,
    "numberOfBadAnswers": 0,
    "id": 1718752537311
  },
  {
    "quizStatsId": 1718752537301,
    "question": "Qui a écrit 'Le Petit Prince' ?",
    "timeMinutes": 0,
    "timeSeconds": -1,
    "numberOfCluesUsed": 0,
    "numberOfBadAnswers": 0,
    "id": 1718752537314
  },
  {
    "quizStatsId": 1718752537301,
    "question": "Quelle est la formule chimique de l'eau ?",
    "timeMinutes": 0,
    "timeSeconds": 0,
    "numberOfCluesUsed": 2,
    "numberOfBadAnswers": 2,
    "id": 1718752537316
  },
  {
    "quizStatsId": 1718752553937,
    "question": "Quelle est la capitale de la France ?",
    "timeMinutes": 0,
    "timeSeconds": -1,
    "numberOfCluesUsed": 2,
    "numberOfBadAnswers": 2,
    "id": 1718752553950
  },
  {
    "quizStatsId": 1718752553937,
    "question": "Qui a écrit 'Le Petit Prince' ?",
    "timeMinutes": 0,
    "timeSeconds": 0,
    "numberOfCluesUsed": 1,
    "numberOfBadAnswers": 0,
    "id": 1718752553952
  },
  {
    "quizStatsId": 1718752553937,
    "question": "Quelle est la formule chimique de l'eau ?",
    "timeMinutes": 0,
    "timeSeconds": 0,
    "numberOfCluesUsed": 2,
    "numberOfBadAnswers": 1,
    "id": 1718752553954
  }
]