[
  {
    "name": "yohan",
    "theme": "yohan",
    "userId": 1718605001546,
    "id": 1716952898888
  },
  {
    "name": "football",
    "theme": "foot",
    "userId": 28,
    "id": 1717403406870
  },
  {
    "name": "foot",
    "theme": "F",
    "userId": 38,
    "id": 1717403512763
  },
  {
    "name": "football",
    "theme": "foot",
    "userId": 15,
    "id": 1717403591174
  },
  {
    "theme": "Sport",
    "name": "Tennis",
    "userId": 0,
    "id": 1718782660045
  },
  {
    "theme": "Sport",
    "name": "Le tour de France",
    "userId": 0,
    "id": 1718784738455
  },
  {
    "theme": "Restauration",
    "name": "Cuisine",
    "userId": 0,
    "id": 1718786543820
  },
  {
    "theme": "Jeux",
    "name": "Jeux de cartes",
    "userId": 0,
    "id": 1718788019338
  },
  {
    "theme": "Culture générale",
    "name": "Voyages",
    "userId": 0,
    "id": 1718789611882
  }
]