[
  {
    "userId": 0,
    "name": "yohan",
    "theme": "yohan",
    "date": "2024-06-18T21:49:45.851Z",
    "totalTimeMinutes": 0,
    "totalTimeSeconds": 0,
    "totalNumberOfCluesUsed": 1,
    "successRate": 100,
    "id": 1718747385878
  },
  {
    "userId": 1718605001546,
    "name": "yohan",
    "theme": "yohan",
    "date": "2024-06-18T21:50:05.231Z",
    "totalTimeMinutes": 0,
    "totalTimeSeconds": -1,
    "totalNumberOfCluesUsed": 3,
    "successRate": 78,
    "id": 1718747405236
  },
  {
    "userId": 1718605001546,
    "name": "yohan",
    "theme": "yohan",
    "date": "2024-06-18T21:50:19.104Z",
    "totalTimeMinutes": 0,
    "totalTimeSeconds": -3,
    "totalNumberOfCluesUsed": 1,
    "successRate": 100,
    "id": 1718747419110
  },
  {
    "userId": 1718605001546,
    "name": "yohan",
    "theme": "yohan",
    "date": "2024-06-18T21:50:31.398Z",
    "totalTimeMinutes": 0,
    "totalTimeSeconds": -2,
    "totalNumberOfCluesUsed": 1,
    "successRate": 100,
    "id": 1718747431403
  },
  {
    "userId": 0,
    "name": "yohan",
    "theme": "yohan",
    "date": "2024-06-18T21:54:35.889Z",
    "totalTimeMinutes": 0,
    "totalTimeSeconds": -3,
    "totalNumberOfCluesUsed": 1,
    "successRate": 100,
    "id": 1718747675897
  },
  {
    "userId": 1718605001546,
    "name": "yohan",
    "theme": "yohan",
    "date": "2024-06-18T21:54:51.022Z",
    "totalTimeMinutes": 0,
    "totalTimeSeconds": -3,
    "totalNumberOfCluesUsed": 1,
    "successRate": 100,
    "id": 1718747691027
  },
  {
    "userId": 1718605001546,
    "name": "yohan",
    "theme": "yohan",
    "date": "2024-06-18T21:55:15.808Z",
    "totalTimeMinutes": 0,
    "totalTimeSeconds": -2,
    "totalNumberOfCluesUsed": 1,
    "successRate": 100,
    "id": 1718747715813
  },
  {
    "userId": 1718605001546,
    "name": "yohan",
    "theme": "yohan",
    "date": "2024-06-18T21:55:34.613Z",
    "totalTimeMinutes": 0,
    "totalTimeSeconds": -2,
    "totalNumberOfCluesUsed": 1,
    "successRate": 100,
    "id": 1718747734617
  },
  {
    "userId": 0,
    "name": "yohan",
    "theme": "yohan",
    "date": "2024-06-18T22:04:08.421Z",
    "totalTimeMinutes": 0,
    "totalTimeSeconds": -2,
    "totalNumberOfCluesUsed": 2,
    "successRate": 89,
    "id": 1718748248429
  },
  {
    "userId": 0,
    "name": "yohan",
    "theme": "yohan",
    "date": "2024-06-18T22:04:21.410Z",
    "totalTimeMinutes": 0,
    "totalTimeSeconds": -3,
    "totalNumberOfCluesUsed": 1,
    "successRate": 100,
    "id": 1718748261415
  },
  {
    "userId": 0,
    "name": "yohan",
    "theme": "yohan",
    "date": "2024-06-18T22:04:35.619Z",
    "totalTimeMinutes": 0,
    "totalTimeSeconds": -3,
    "totalNumberOfCluesUsed": 1,
    "successRate": 100,
    "id": 1718748275625
  },
  {
    "userId": 1718605001546,
    "name": "yohan",
    "theme": "yohan",
    "date": "2024-06-18T22:04:48.044Z",
    "totalTimeMinutes": 0,
    "totalTimeSeconds": 0,
    "totalNumberOfCluesUsed": 2,
    "successRate": 78,
    "id": 1718748288050
  },
  {
    "userId": 0,
    "name": "yohan",
    "theme": "yohan",
    "date": "2024-06-18T22:16:48.394Z",
    "totalTimeMinutes": 0,
    "totalTimeSeconds": -1,
    "totalNumberOfCluesUsed": 2,
    "successRate": 89,
    "id": 1718749008400
  },
  {
    "userId": 0,
    "name": "yohan",
    "theme": "yohan",
    "date": "2024-06-18T22:17:02.699Z",
    "totalTimeMinutes": 0,
    "totalTimeSeconds": -2,
    "totalNumberOfCluesUsed": 2,
    "successRate": 89,
    "id": 1718749022705
  },
  {
    "userId": 0,
    "name": "yohan",
    "theme": "yohan",
    "date": "2024-06-18T22:17:17.592Z",
    "totalTimeMinutes": 0,
    "totalTimeSeconds": -3,
    "totalNumberOfCluesUsed": 2,
    "successRate": 89,
    "id": 1718749037597
  },
  {
    "userId": 0,
    "name": "yohan",
    "theme": "yohan",
    "date": "2024-06-18T22:17:38.088Z",
    "totalTimeMinutes": 0,
    "totalTimeSeconds": -2,
    "totalNumberOfCluesUsed": 1,
    "successRate": 100,
    "id": 1718749058093
  },
  {
    "userId": 1718605001546,
    "name": "yohan",
    "theme": "yohan",
    "date": "2024-06-18T22:18:05.625Z",
    "totalTimeMinutes": 0,
    "totalTimeSeconds": -2,
    "totalNumberOfCluesUsed": 1,
    "successRate": 100,
    "id": 1718749085630
  },
  {
    "userId": 1718605001546,
    "name": "yohan",
    "theme": "yohan",
    "date": "2024-06-18T22:18:31.264Z",
    "totalTimeMinutes": 0,
    "totalTimeSeconds": -3,
    "totalNumberOfCluesUsed": 1,
    "successRate": 100,
    "id": 1718749111269
  },
  {
    "userId": 1718605001546,
    "name": "yohan",
    "theme": "yohan",
    "date": "2024-06-18T22:18:58.995Z",
    "totalTimeMinutes": 0,
    "totalTimeSeconds": -1,
    "totalNumberOfCluesUsed": 1,
    "successRate": 100,
    "id": 1718749139000
  },
  {
    "userId": 1718605001546,
    "name": "yohan",
    "theme": "yohan",
    "date": "2024-06-18T22:19:35.281Z",
    "totalTimeMinutes": 0,
    "totalTimeSeconds": -3,
    "totalNumberOfCluesUsed": 1,
    "successRate": 100,
    "id": 1718749175286
  },
  {
    "userId": 1718605001546,
    "name": "yohan",
    "theme": "yohan",
    "date": "2024-06-18T22:20:07.562Z",
    "totalTimeMinutes": 0,
    "totalTimeSeconds": -1,
    "totalNumberOfCluesUsed": 3,
    "successRate": 67,
    "id": 1718749207566
  },
  {
    "userId": 1718605001546,
    "name": "yohan",
    "theme": "yohan",
    "date": "2024-06-18T22:20:49.323Z",
    "totalTimeMinutes": 0,
    "totalTimeSeconds": 0,
    "totalNumberOfCluesUsed": 1,
    "successRate": 100,
    "id": 1718749249328
  },
  {
    "userId": 1718605001546,
    "name": "yohan",
    "theme": "yohan",
    "date": "2024-06-18T22:21:07.785Z",
    "totalTimeMinutes": 0,
    "totalTimeSeconds": -3,
    "totalNumberOfCluesUsed": 1,
    "successRate": 100,
    "id": 1718749267789
  },
  {
    "userId": 1718605001546,
    "name": "yohan",
    "theme": "yohan",
    "date": "2024-06-18T22:21:36.839Z",
    "totalTimeMinutes": 0,
    "totalTimeSeconds": -1,
    "totalNumberOfCluesUsed": 1,
    "successRate": 100,
    "id": 1718749296843
  },
  {
    "userId": 0,
    "name": "yohan",
    "theme": "yohan",
    "date": "2024-06-18T22:31:13.162Z",
    "totalTimeMinutes": 0,
    "totalTimeSeconds": -3,
    "totalNumberOfCluesUsed": 2,
    "successRate": 67,
    "id": 1718749873167
  },
  {
    "userId": 0,
    "name": "yohan",
    "theme": "yohan",
    "date": "2024-06-18T22:31:54.422Z",
    "totalTimeMinutes": 0,
    "totalTimeSeconds": -3,
    "totalNumberOfCluesUsed": 6,
    "successRate": 12,
    "id": 1718749914428
  },
  {
    "userId": 0,
    "name": "yohan",
    "theme": "yohan",
    "date": "2024-06-18T22:32:27.263Z",
    "totalTimeMinutes": 0,
    "totalTimeSeconds": -3,
    "totalNumberOfCluesUsed": 6,
    "successRate": 1,
    "id": 1718749947269
  },
  {
    "userId": 1718605001546,
    "name": "yohan",
    "theme": "yohan",
    "date": "2024-06-18T22:32:49.040Z",
    "totalTimeMinutes": 0,
    "totalTimeSeconds": -3,
    "totalNumberOfCluesUsed": 2,
    "successRate": 67,
    "id": 1718749969045
  },
  {
    "userId": 1718605001546,
    "name": "yohan",
    "theme": "yohan",
    "date": "2024-06-18T22:33:31.015Z",
    "totalTimeMinutes": 0,
    "totalTimeSeconds": 0,
    "totalNumberOfCluesUsed": 3,
    "successRate": 78,
    "id": 1718750011020
  },
  {
    "userId": 1718605001546,
    "name": "yohan",
    "theme": "yohan",
    "date": "2024-06-18T22:34:04.947Z",
    "totalTimeMinutes": 0,
    "totalTimeSeconds": -3,
    "totalNumberOfCluesUsed": 6,
    "successRate": 1,
    "id": 1718750044953
  },
  {
    "userId": 1718605001546,
    "name": "yohan",
    "theme": "yohan",
    "date": "2024-06-18T22:35:09.129Z",
    "totalTimeMinutes": 0,
    "totalTimeSeconds": 0,
    "totalNumberOfCluesUsed": 5,
    "successRate": 34,
    "id": 1718750109134
  },
  {
    "userId": 1718605001546,
    "name": "yohan",
    "theme": "yohan",
    "date": "2024-06-18T22:35:27.949Z",
    "totalTimeMinutes": 0,
    "totalTimeSeconds": -2,
    "totalNumberOfCluesUsed": 4,
    "successRate": 56,
    "id": 1718750127954
  },
  {
    "userId": 0,
    "name": "yohan",
    "theme": "yohan",
    "date": "2024-06-18T23:10:03.938Z",
    "totalTimeMinutes": 0,
    "totalTimeSeconds": -2,
    "totalNumberOfCluesUsed": 2,
    "successRate": 89,
    "id": 1718752203943
  },
  {
    "userId": 0,
    "name": "yohan",
    "theme": "yohan",
    "date": "2024-06-18T23:10:26.007Z",
    "totalTimeMinutes": 0,
    "totalTimeSeconds": 0,
    "totalNumberOfCluesUsed": 4,
    "successRate": 78,
    "id": 1718752226011
  },
  {
    "userId": 0,
    "name": "yohan",
    "theme": "yohan",
    "date": "2024-06-18T23:10:39.373Z",
    "totalTimeMinutes": 0,
    "totalTimeSeconds": -2,
    "totalNumberOfCluesUsed": 4,
    "successRate": 78,
    "id": 1718752239377
  },
  {
    "userId": 0,
    "name": "yohan",
    "theme": "yohan",
    "date": "2024-06-18T23:12:18.390Z",
    "totalTimeMinutes": 0,
    "totalTimeSeconds": 13,
    "totalNumberOfCluesUsed": 5,
    "successRate": 67,
    "id": 1718752338396
  },
  {
    "userId": 1718605001546,
    "name": "yohan",
    "theme": "yohan",
    "date": "2024-06-18T23:14:15.803Z",
    "totalTimeMinutes": 0,
    "totalTimeSeconds": 0,
    "totalNumberOfCluesUsed": 4,
    "successRate": 56,
    "id": 1718752455808
  },
  {
    "userId": 1718605001546,
    "name": "yohan",
    "theme": "yohan",
    "date": "2024-06-18T23:15:37.297Z",
    "totalTimeMinutes": 0,
    "totalTimeSeconds": -2,
    "totalNumberOfCluesUsed": 2,
    "successRate": 78,
    "id": 1718752537301
  },
  {
    "userId": 1718605001546,
    "name": "yohan",
    "theme": "yohan",
    "date": "2024-06-18T23:15:53.933Z",
    "totalTimeMinutes": 0,
    "totalTimeSeconds": -1,
    "totalNumberOfCluesUsed": 5,
    "successRate": 67,
    "id": 1718752553937
  }
]