[
  {
    "questionStatsId": 1718779230074,
    "value": "Lyon",
    "isCorrect": false,
    "choose": true,
    "id": 1718779230102
  },
  {
    "questionStatsId": 1718779230074,
    "value": "Marseille",
    "isCorrect": false,
    "choose": true,
    "id": 1718779230106
  },
  {
    "questionStatsId": 1718779230084,
    "value": "Victor Hugo",
    "isCorrect": false,
    "choose": true,
    "id": 1718779230115
  },
  {
    "questionStatsId": 1718779230074,
    "value": "Lille",
    "isCorrect": false,
    "choose": true,
    "id": 1718779230121
  },
  {
    "questionStatsId": 1718779230084,
    "value": "Antoine de Saint-Exupéry",
    "isCorrect": true,
    "choose": true,
    "id": 1718779230125
  },
  {
    "questionStatsId": 1718779230084,
    "value": "J.K. Rowling",
    "isCorrect": false,
    "choose": true,
    "id": 1718779230130
  },
  {
    "questionStatsId": 1718779230084,
    "value": "George Orwell",
    "isCorrect": false,
    "choose": true,
    "id": 1718779230133
  },
  {
    "questionStatsId": 1718779230074,
    "value": "Paris",
    "isCorrect": true,
    "choose": true,
    "id": 1718779230139
  },
  {
    "questionStatsId": 1718779230094,
    "value": "CO2",
    "isCorrect": false,
    "choose": true,
    "id": 1718779230146
  },
  {
    "questionStatsId": 1718779230094,
    "value": "NA",
    "isCorrect": false,
    "choose": true,
    "id": 1718779230154
  },
  {
    "questionStatsId": 1718779230094,
    "value": "N2",
    "isCorrect": false,
    "choose": true,
    "id": 1718779230162
  },
  {
    "questionStatsId": 1718779230094,
    "value": "H2O",
    "isCorrect": true,
    "choose": true,
    "id": 1718779230171
  },
  {
    "questionStatsId": 1718779249696,
    "value": "Lyon",
    "isCorrect": false,
    "choose": true,
    "id": 1718779249716
  },
  {
    "questionStatsId": 1718779249696,
    "value": "Paris",
    "isCorrect": true,
    "choose": true,
    "id": 1718779249719
  },
  {
    "questionStatsId": 1718779249696,
    "value": "Lille",
    "isCorrect": false,
    "choose": false,
    "id": 1718779249724
  },
  {
    "questionStatsId": 1718779249696,
    "value": "Marseille",
    "isCorrect": false,
    "choose": false,
    "id": 1718779249728
  },
  {
    "questionStatsId": 1718779249702,
    "value": "Victor Hugo",
    "isCorrect": false,
    "choose": true,
    "id": 1718779249731
  },
  {
    "questionStatsId": 1718779249702,
    "value": "Antoine de Saint-Exupéry",
    "isCorrect": true,
    "choose": true,
    "id": 1718779249735
  },
  {
    "questionStatsId": 1718779249702,
    "value": "George Orwell",
    "isCorrect": false,
    "choose": false,
    "id": 1718779249739
  },
  {
    "questionStatsId": 1718779249702,
    "value": "J.K. Rowling",
    "isCorrect": false,
    "choose": false,
    "id": 1718779249743
  },
  {
    "questionStatsId": 1718779249706,
    "value": "CO2",
    "isCorrect": false,
    "choose": true,
    "id": 1718779249746
  },
  {
    "questionStatsId": 1718779249706,
    "value": "N2",
    "isCorrect": false,
    "choose": true,
    "id": 1718779249752
  },
  {
    "questionStatsId": 1718779249706,
    "value": "H2O",
    "isCorrect": true,
    "choose": true,
    "id": 1718779249757
  },
  {
    "questionStatsId": 1718779249706,
    "value": "NA",
    "isCorrect": false,
    "choose": true,
    "id": 1718779249761
  },
  {
    "questionStatsId": 1718779436200,
    "value": "Paris",
    "isCorrect": true,
    "choose": true,
    "id": 1718779436213
  },
  {
    "questionStatsId": 1718779436200,
    "value": "Lyon",
    "isCorrect": false,
    "choose": false,
    "id": 1718779436216
  },
  {
    "questionStatsId": 1718779436203,
    "value": "Victor Hugo",
    "isCorrect": false,
    "choose": false,
    "id": 1718779436219
  },
  {
    "questionStatsId": 1718779436203,
    "value": "J.K. Rowling",
    "isCorrect": false,
    "choose": false,
    "id": 1718779436221
  },
  {
    "questionStatsId": 1718779436203,
    "value": "George Orwell",
    "isCorrect": false,
    "choose": false,
    "id": 1718779436223
  },
  {
    "questionStatsId": 1718779436206,
    "value": "H2O",
    "isCorrect": true,
    "choose": true,
    "id": 1718779436226
  },
  {
    "questionStatsId": 1718779436206,
    "value": "CO2",
    "isCorrect": false,
    "choose": false,
    "id": 1718779436228
  },
  {
    "questionStatsId": 1718779436206,
    "value": "NA",
    "isCorrect": false,
    "choose": false,
    "id": 1718779436231
  },
  {
    "questionStatsId": 1718779436206,
    "value": "N2",
    "isCorrect": false,
    "choose": false,
    "id": 1718779436233
  },
  {
    "questionStatsId": 1718779436200,
    "value": "Marseille",
    "isCorrect": false,
    "choose": false,
    "id": 1718779436236
  },
  {
    "questionStatsId": 1718779436200,
    "value": "Lille",
    "isCorrect": false,
    "choose": false,
    "id": 1718779436239
  },
  {
    "questionStatsId": 1718779436203,
    "value": "Antoine de Saint-Exupéry",
    "isCorrect": true,
    "choose": true,
    "id": 1718779436241
  }
]