[
  {
    "quizStatsId": 1718779230049,
    "question": "Quelle est la capitale de la France ?",
    "timeMinutes": 0,
    "timeSeconds": -1,
    "numberOfCluesUsed": 2,
    "numberOfBadAnswers": 3,
    "id": 1718779230074
  },
  {
    "quizStatsId": 1718779230049,
    "question": "Qui a écrit 'Le Petit Prince' ?",
    "timeMinutes": 0,
    "timeSeconds": -1,
    "numberOfCluesUsed": 2,
    "numberOfBadAnswers": 3,
    "id": 1718779230084
  },
  {
    "quizStatsId": 1718779230049,
    "question": "Quelle est la formule chimique de l'eau ?",
    "timeMinutes": 0,
    "timeSeconds": -1,
    "numberOfCluesUsed": 2,
    "numberOfBadAnswers": 3,
    "id": 1718779230094
  },
  {
    "quizStatsId": 1718779249675,
    "question": "Quelle est la capitale de la France ?",
    "timeMinutes": 0,
    "timeSeconds": -1,
    "numberOfCluesUsed": 1,
    "numberOfBadAnswers": 1,
    "id": 1718779249696
  },
  {
    "quizStatsId": 1718779249675,
    "question": "Quelle est la formule chimique de l'eau ?",
    "timeMinutes": 0,
    "timeSeconds": -1,
    "numberOfCluesUsed": 2,
    "numberOfBadAnswers": 3,
    "id": 1718779249702
  },
  {
    "quizStatsId": 1718779249675,
    "question": "Qui a écrit 'Le Petit Prince' ?",
    "timeMinutes": 0,
    "timeSeconds": -1,
    "numberOfCluesUsed": 1,
    "numberOfBadAnswers": 1,
    "id": 1718779249706
  },
  {
    "quizStatsId": 1718779436192,
    "question": "Quelle est la capitale de la France ?",
    "timeMinutes": 0,
    "timeSeconds": -1,
    "numberOfCluesUsed": 0,
    "numberOfBadAnswers": 0,
    "id": 1718779436200
  },
  {
    "quizStatsId": 1718779436192,
    "question": "Qui a écrit 'Le Petit Prince' ?",
    "timeMinutes": 0,
    "timeSeconds": -1,
    "numberOfCluesUsed": 0,
    "numberOfBadAnswers": 0,
    "id": 1718779436203
  },
  {
    "quizStatsId": 1718779436192,
    "question": "Quelle est la formule chimique de l'eau ?",
    "timeMinutes": 0,
    "timeSeconds": -1,
    "numberOfCluesUsed": 1,
    "numberOfBadAnswers": 0,
    "id": 1718779436206
  }
]