[
  {
    "userId": 1718605001546,
    "name": "yohan",
    "theme": "yohan",
    "date": "2024-06-19T06:40:30.005Z",
    "totalTimeMinutes": 0,
    "totalTimeSeconds": -3,
    "totalNumberOfCluesUsed": 6,
    "successRate": 1,
    "id": 1718779230049
  },
  {
    "userId": 1718605001546,
    "name": "yohan",
    "theme": "yohan",
    "date": "2024-06-19T06:40:49.663Z",
    "totalTimeMinutes": 0,
    "totalTimeSeconds": -3,
    "totalNumberOfCluesUsed": 4,
    "successRate": 45,
    "id": 1718779249675
  },
  {
    "userId": 1718605001546,
    "name": "yohan",
    "theme": "yohan",
    "date": "2024-06-19T06:43:54.475Z",
    "totalTimeMinutes": 0,
    "totalTimeSeconds": -3,
    "totalNumberOfCluesUsed": 1,
    "successRate": 100,
    "id": 1718779436192
  }
]